variableSide,hypotenuse,hypotenuse_salted_small,hypotenuse_salted_medium,hypotenuse_salted_large
1.0,2000.0,2001.3923732250967,2012.2509241270488,2019.5287331368088
6.0,2000.01,2003.5198908207633,1997.5274175664965,2030.0597315957152
11.0,2000.03,1998.2980013086064,2017.2292793739366,2004.5803708882938
16.0,2000.06,2004.611219523334,1999.7909564235563,1982.82780356767
21.0,2000.11,1996.9793542632278,1982.706276094286,1990.6288202824264
26.0,2000.17,2001.3281975422708,2004.859840879196,1989.4373011220175
31.0,2000.24,2003.730291248941,2009.295712413838,2042.897501552604
36.0,2000.32,1999.8536916759676,1996.8479462031137,1969.0511665752183
41.0,2000.42,2003.7185457354592,2007.1545627305525,2036.7622751799559
46.0,2000.53,2003.2577895751324,2003.0167623386544,2019.1436297919186
51.0,2000.65,2000.3395866130807,1981.9679537662994,1962.5593889504826
56.0,2000.78,1996.5076187341447,2014.3676043751818,1984.8176083952026
61.0,2000.93,2003.2371602872404,2011.4930346517026,2013.353890418989
66.0,2001.09,2001.5383374569803,2006.6381047863224,1965.2010724210827
71.0,2001.26,1998.6650998896664,1983.7973931717434,2047.0298310340252
76.0,2001.44,2004.8539054669698,2007.9450557846546,1976.3993895368762
81.0,2001.64,2003.0949576572903,1999.6754978519252,1968.8399200203426
86.0,2001.85,1998.672165441027,1997.0835216004668,1955.3422303771476
91.0,2002.07,2006.0231724146568,2005.89426706568,1997.4075613551026
96.0,2002.3,1997.9101895722258,2018.2411907489432,2005.3932070612277
101.0,2002.55,2003.6221468940003,2008.2578997750816,2010.893494465935
106.0,2002.81,2002.1269137601803,1988.7163091648295,1971.8518695457922
111.0,2003.08,1999.5027526259926,2016.2190484301123,2005.095090560322
116.0,2003.36,2003.3036863590244,2017.9912457598502,1999.6024748511834
121.0,2003.66,1998.6711792002714,2022.9999256296353,1970.7992131370318
126.0,2003.97,2005.7911348636094,1988.0608966521384,1994.5909702552146
131.0,2004.29,2002.4992441886827,1992.8994585332719,2032.6066901957633
136.0,2004.62,2004.2230959591282,2021.8497141666787,2051.0472171083916
141.0,2004.96,2005.8714871880477,2023.4928260915688,2009.2134004286934
146.0,2005.32,2003.3644039040046,2001.4623395934207,2055.217679162038
151.0,2005.69,2007.8806660937846,2004.5940870605118,2009.0820441431708
156.0,2006.07,2002.086978445065,2000.3445675876126,1958.805843714992
161.0,2006.47,2007.2903768821116,2024.3927605874287,1973.12040761146
166.0,2006.88,2002.2145357089496,2009.1727970055308,1978.1626282067216
171.0,2007.3,2007.912959753868,2010.4077066109587,2005.8335178464367
176.0,2007.73,2004.8957565677542,2008.385296607552,2003.6231663136339
181.0,2008.17,2012.36490891447,2017.9080120214057,1989.4542058578793
186.0,2008.63,2007.7430238941918,2009.5465619379718,2052.5436936332744
191.0,2009.1,2008.751667940005,1989.8073978462623,1975.1013915930823
196.0,2009.58,2009.711784370701,2011.4008555418773,2014.5342158860146
201.0,2010.07,2012.498752844905,2012.63748586039,1966.518467440894
206.0,2010.58,2008.875823016932,2007.161743232321,1982.8379198666305
211.0,2011.1,2006.5550965351047,2025.3126867071746,2013.042823644057
216.0,2011.63,2016.2566700907857,2009.195161668454,2046.073557435431
221.0,2012.17,2009.2746366078454,2027.1469554756914,1968.467202070086
226.0,2012.73,2013.4001204665037,2011.6632890212045,2003.226082395661
231.0,2013.3,2011.5494699498363,2005.8969528063262,2044.2966819211088
236.0,2013.88,2009.687324015981,2017.4593591229543,2026.4249559993254
241.0,2014.47,2017.6371563238079,2014.6186084156739,2032.5219690632084
246.0,2015.07,2019.3087540441386,2011.748585587909,2012.8978739541883
251.0,2015.69,2017.4894705368304,2018.851412666539,2022.0578642362823
256.0,2016.32,2016.0219528590512,2031.3816092310738,2063.926432123752
261.0,2016.96,2020.102346118149,2025.968481733852,2011.7505298392657
266.0,2017.61,2013.6324471386902,2009.5334385326103,1995.793480336425
271.0,2018.28,2015.4479539145907,2010.8670772763714,1993.0010112089985
276.0,2018.95,2021.9644981987933,2023.4767559268307,2010.2108453445037
281.0,2019.64,2019.0395565555837,2023.9854517380888,2049.105762582988
286.0,2020.35,2024.076053081013,2025.1827919105224,2028.8999131315886
291.0,2021.06,2023.3665125612613,2005.9141136532016,1991.2450590381525
296.0,2021.79,2022.7507760624483,2039.349748864019,1973.6623503841874
301.0,2022.52,2020.7778249176345,2039.7345019735317,2020.4525545451338
306.0,2023.27,2021.298511437182,2030.3371330703633,2058.488107052329
311.0,2024.04,2026.5739597421743,2028.412122756227,2000.1163834809984
316.0,2024.81,2026.921845043684,2030.4182903880007,2056.614218777955
321.0,2025.6,2028.0830621304985,2015.0560573427465,2025.864260521949
326.0,2026.39,2030.4372380712048,2041.0620453309532,2033.1194932048365
331.0,2027.21,2028.6326890312187,2014.28889892289,2053.849746618002
336.0,2028.03,2026.0098894162547,2042.0417305955161,2054.1936367951403
341.0,2028.86,2026.2640246263982,2021.3122360406658,2059.379299730591
346.0,2029.71,2029.4661816780324,2016.7849915678369,2025.8583805737255
351.0,2030.57,2027.5832608787684,2040.9993043119387,2044.7426268940892
356.0,2031.44,2028.7191786342628,2037.754789324807,2000.6543054895715
361.0,2032.32,2032.8141767456727,2024.599925498792,2047.69225060141
366.0,2033.21,2030.0128025721383,2051.7799163192276,2056.7191473022153
371.0,2034.12,2038.7354546655013,2049.2299535709094,2053.459963375245
376.0,2035.04,2035.4694193450146,2027.5562440277558,2082.597782302401
381.0,2035.97,2040.7931913375153,2021.179664190939,2017.622845447915
386.0,2036.91,2032.1827381426006,2049.0568632944905,2038.7948939825594
391.0,2037.86,2042.5894164689832,2024.8394507605872,2032.1627087621234
396.0,2038.83,2037.7710936441647,2038.0843154980955,2055.2996589090226
401.0,2039.8,2043.075977629956,2034.8383590758476,2031.6400713225435
406.0,2040.79,2039.2819363513042,2033.5403421530646,2018.2868669749157
411.0,2041.79,2044.6234250370858,2038.9380233935374,2041.2650308423156
416.0,2042.81,2039.6421293463939,2056.8420002885337,2000.2468699263259
421.0,2043.83,2046.6987633832134,2028.8629458607388,2018.7675221500758
426.0,2044.87,2041.8045605292605,2052.8967468292044,2060.5016416065846
431.0,2045.91,2042.845186142717,2047.1844052862027,2071.2013529065216
436.0,2046.97,2044.1425278744273,2040.4071901446216,2047.9475345874207
441.0,2048.04,2044.9009036927189,2040.3411489438163,2025.9500729291715
446.0,2049.13,2050.850973165427,2068.4776851889624,2048.985649718895
451.0,2050.22,2049.0914570816703,2046.291933440176,2070.525909678903
456.0,2051.33,2047.5683290425677,2038.2439865667034,2060.564900539956
461.0,2052.44,2049.107722644516,2033.6345657284523,2022.4308251333798
466.0,2053.57,2051.6136345099817,2037.942662779195,2015.6843699236813
471.0,2054.71,2051.0761969304776,2036.3898488548132,2050.973818495219
476.0,2055.86,2056.438566019712,2048.8531489742527,2023.4821423178319
481.0,2057.03,2052.8538425723505,2051.9183651356966,2105.701192833082
486.0,2058.2,2055.3497552009867,2052.8410937820427,2103.9761023942133
491.0,2059.39,2064.210322681114,2042.3598873668436,2048.8641327677974
496.0,2060.59,2059.148621891218,2074.5812169658234,2034.544893758816
501.0,2061.8,2066.2280880772373,2062.3709489985263,2083.8658944438994
506.0,2063.02,2065.2580689005295,2080.680205059225,2085.5479048408192
511.0,2064.25,2064.956547673861,2045.272273050107,2090.1317207657116
516.0,2065.49,2063.1306751756265,2053.5293777915977,2102.5335665103266
521.0,2066.75,2071.3702016251923,2080.465988329755,2044.3485479700578
526.0,2068.01,2066.8030984764237,2050.691939321658,2105.2639814499275
531.0,2069.29,2071.570666444031,2067.209313924065,2033.9662225813654
536.0,2070.58,2072.3766747109376,2084.484733957747,2075.2076393556704
541.0,2071.88,2067.5762379292964,2082.5783046790184,2063.4624353350014
546.0,2073.19,2076.673807539734,2076.028540994357,2115.814365499274
551.0,2074.51,2072.6060402094245,2078.1788690353023,2056.602763969777
556.0,2075.85,2075.871559060356,2060.26817345565,2108.6693086522005
561.0,2077.19,2078.653654042369,2073.7441431784987,2065.464921595376
566.0,2078.55,2076.344548460983,2082.0830636597034,2085.6445363339776
571.0,2079.91,2079.430931839507,2093.3939811656783,2083.160470048016
576.0,2081.29,2078.214201153794,2089.7146202313443,2067.173976476161
581.0,2082.68,2085.0487485026665,2068.655430738434,2103.0429681468613
586.0,2084.08,2087.1147255239307,2092.0376008561857,2120.444112545354
591.0,2085.49,2085.598722916166,2082.299076250025,2080.931281091804
596.0,2086.92,2086.740815725918,2075.9429909411933,2103.140277906539
601.0,2088.35,2089.1482422294985,2069.016678471607,2103.9409851471414
606.0,2089.79,2092.079615202414,2105.1286011599204,2128.855542211566
611.0,2091.25,2093.5089447945556,2077.64716289103,2092.472933149028
616.0,2092.71,2096.350344440512,2090.1747612110194,2112.5224648927183
621.0,2094.19,2093.9534374995474,2099.172258091991,2110.561278969981
626.0,2095.68,2097.908297840823,2091.665208916394,2088.231317921447
631.0,2097.18,2097.312436575409,2113.586538772333,2111.1664111902487
636.0,2098.69,2093.9635905751206,2096.1216058243003,2090.9031188597196
641.0,2100.21,2103.129531350397,2114.5108428452663,2130.931185585344
646.0,2101.74,2105.2156701404356,2121.1831045787385,2125.8608757054726
651.0,2103.28,2100.52684271106,2096.1795782050986,2085.6395391806104
656.0,2104.84,2107.5976453070466,2098.354111185672,2129.1143486694777
661.0,2106.4,2103.954298092447,2123.282850315783,2120.149927926098
666.0,2107.97,2110.454024609957,2116.0029070583755,2124.8460406244844
671.0,2109.56,2107.139047611744,2097.850222193402,2082.4348469120996
676.0,2111.16,2113.0444096830615,2111.725174711364,2086.540758350375
681.0,2112.76,2114.559498224488,2122.7558114558774,2121.932115738196
686.0,2114.38,2114.885697995999,2102.158750628841,2091.996530957671
691.0,2116.01,2116.3490349580907,2109.210873509841,2138.7811764787275
696.0,2117.64,2121.096786960016,2114.8432131575373,2162.487647418333
701.0,2119.29,2122.165013471391,2124.171636337011,2119.2437214462457
706.0,2120.95,2117.3218043268075,2113.159215580181,2087.734644077631
711.0,2122.62,2123.475057844281,2137.4734440014004,2099.2349807946935
716.0,2124.3,2122.7883800983473,2121.3919047545623,2153.7330358034915
721.0,2125.99,2130.659841549988,2108.6688090523294,2172.1902868877673
726.0,2127.69,2127.013088222936,2129.42935056171,2115.1309483521463
731.0,2129.4,2132.622883167878,2109.933383606523,2151.018617073241
736.0,2131.13,2127.282299487986,2116.854725649576,2137.7022941452988
741.0,2132.86,2133.25573599629,2137.5616165425877,2159.635994203471
746.0,2134.6,2130.7174411803207,2126.919091468265,2096.2004805404913
751.0,2136.35,2140.872278275551,2124.1795598912736,2153.449346396934
756.0,2138.12,2138.351947263757,2146.414118647512,2157.099295276875
761.0,2139.89,2139.3084034854724,2155.4075774142257,2188.7861561442214
766.0,2141.67,2144.724653228048,2143.429937746032,2129.6515047695098
771.0,2143.46,2138.951788955938,2143.726936751991,2096.9242015174445
776.0,2145.27,2149.4814151535534,2141.096699130262,2101.9381585926144
781.0,2147.08,2143.757823315385,2153.133282301374,2194.144597394211
786.0,2148.91,2147.3224709118695,2129.5383231128376,2124.2266938498547
791.0,2150.74,2149.318251949481,2148.353063467294,2126.162229812896
796.0,2152.58,2155.545394219901,2134.6974366748254,2189.8148252503565
801.0,2154.44,2152.7933889343963,2140.9379471933894,2113.671280901982
806.0,2156.3,2160.3790626891,2153.120660856467,2136.1490876321914
811.0,2158.18,2159.420376574073,2172.733432898055,2120.9970878714744
816.0,2160.06,2160.3282606639964,2153.1573597647994,2134.457856449304
821.0,2161.95,2160.5612120760347,2177.0130194427043,2205.8744546720645
826.0,2163.86,2160.7554995556065,2152.7716214462803,2208.3430040764547
831.0,2165.77,2166.0561178016396,2165.364843841265,2146.3093111020357
836.0,2167.69,2163.7292729550863,2170.8108446259407,2166.022995307688
841.0,2169.63,2169.0200708515636,2188.3252528873227,2156.9954983756943
846.0,2171.57,2171.9578793141254,2164.663754947694,2211.8525755337782
851.0,2173.52,2175.3814577442267,2171.4899656193847,2159.939016202225
856.0,2175.49,2170.8655724065225,2164.7501470259053,2224.7361989818464
861.0,2177.46,2175.6991256865754,2183.0897264477458,2221.6635638015023
866.0,2179.44,2175.6122349833254,2181.4431443892663,2228.0483693481906
871.0,2181.43,2182.913598521507,2189.4103529308086,2204.246237266009
876.0,2183.43,2186.426952639462,2178.476386134278,2191.3449943679525
881.0,2185.44,2183.6546665005026,2172.6483429353166,2144.950974942172
886.0,2187.46,2188.816385595026,2178.412315749977,2181.615138025529
891.0,2189.49,2188.714465064311,2209.1192315622334,2203.307397283783
896.0,2191.53,2193.26612543975,2190.7277488661084,2145.1181767521475
901.0,2193.58,2192.354793551768,2211.258406273425,2226.639322471588
906.0,2195.64,2199.381403582151,2203.708221440577,2241.1413936406957
911.0,2197.71,2194.510802636342,2215.269439179553,2243.2229736403424
916.0,2199.79,2201.9454744361046,2192.5172408015133,2150.4590218516355
921.0,2201.87,2199.350076482508,2187.5949442294846,2211.5200210509915
926.0,2203.97,2204.5113869733823,2213.529653931515,2244.4742242922803
931.0,2206.07,2201.985045182799,2203.2959630506653,2227.842649293867
936.0,2208.19,2210.4460608118275,2207.613900952251,2169.2073371898723
941.0,2210.31,2209.424878613105,2200.589488493506,2221.7120585724333
946.0,2212.45,2211.143739364249,2222.265016785374,2181.4203437481956
951.0,2214.59,2215.306527636189,2198.4865795361097,2176.840828625433
956.0,2216.74,2218.306898893705,2206.7929198134693,2175.230828242514
961.0,2218.9,2220.4881694546543,2204.5871196203775,2188.3035484674447
966.0,2221.07,2216.693181940027,2209.327954365794,2175.5770884707345
971.0,2223.25,2224.9654932903336,2241.738160167135,2266.2966276981197
976.0,2225.44,2228.102299985194,2245.161685021472,2211.9464444709283
981.0,2227.64,2224.294294118248,2235.242609980153,2190.652612827066
986.0,2229.84,2228.3912292687032,2240.7048777903633,2251.144674782928
991.0,2232.06,2235.9427517419003,2234.470284593074,2205.56901278122
996.0,2234.28,2229.632333750883,2214.990352626387,2282.217461645933
1001.0,2236.52,2234.6333041340245,2247.5455750272367,2271.8670186718437
1006.0,2238.76,2236.8688824746437,2222.7350120828078,2248.5837593402953
1011.0,2241.01,2239.0157230308555,2256.511845129102,2196.1290371000146
1016.0,2243.27,2247.696233546068,2232.9370740838976,2292.8422866845594
1021.0,2245.54,2246.2471002668954,2251.213631970206,2268.670898039871
1026.0,2247.82,2245.9338070956546,2249.3201379569946,2265.7799102797317
1031.0,2250.1,2251.7470007631887,2246.910403656536,2230.297621994606
1036.0,2252.4,2253.300830913496,2270.819593747861,2293.046089237479
1041.0,2254.7,2254.1217723250247,2256.1315621831354,2272.7708031373154
1046.0,2257.01,2254.924276166513,2270.877774412724,2248.239325236255
1051.0,2259.34,2263.604454349086,2246.718114384445,2258.7186978153786
1056.0,2261.67,2260.905872457135,2273.426495592121,2248.286498624273
1061.0,2264.01,2265.348167245285,2261.913622037536,2229.3222493266744
1066.0,2266.35,2263.0306802053838,2284.3580952731245,2233.2177755090156
1071.0,2268.71,2268.912280256275,2266.0720977928,2286.0639079791376
1076.0,2271.07,2269.995338572335,2284.4529163366656,2276.4598150226607
1081.0,2273.45,2273.9918535984502,2260.5851291547033,2275.7317722725916
1086.0,2275.83,2276.2714145402438,2258.2514559344554,2268.287372625085
1091.0,2278.22,2281.5703089810268,2294.951212141448,2244.556540303063
1096.0,2280.62,2278.8786479139376,2263.4771391430563,2244.234304673141
1101.0,2283.02,2283.9302925399165,2290.378563020468,2331.3684962931334
1106.0,2285.44,2287.95347702658,2285.279945465094,2275.2334531715205
1111.0,2287.86,2286.1542554793596,2307.3052156694375,2243.868704209344
1116.0,2290.3,2291.167896253982,2281.966021943782,2275.742300961798
1121.0,2292.74,2294.5791672218147,2300.898473905409,2264.9830449277833
1126.0,2295.19,2291.459117810031,2277.412969744809,2314.3665184820397
1131.0,2297.64,2302.382500500149,2313.0764034383196,2305.047197975599
1136.0,2300.11,2302.0470484359594,2315.808769401432,2265.4330210614344
1141.0,2302.58,2300.731459862265,2286.318529644601,2292.6305916430915
1146.0,2305.06,2300.968405094413,2323.863400925405,2323.221819099879
1151.0,2307.55,2312.465373900318,2310.4278369591107,2353.81992046813
1156.0,2310.05,2310.696260634883,2304.280148318034,2309.9731210763607
1161.0,2312.56,2310.1120102559817,2293.573136650829,2294.408729405771
1166.0,2315.07,2311.1435815548552,2302.69742348126,2357.0918384029824
1171.0,2317.59,2315.010807359336,2302.7263701699862,2276.396087167585
1176.0,2320.12,2318.679281966548,2322.245791374112,2282.302213771482
1181.0,2322.66,2319.706926904509,2315.6950904196506,2282.349702596638
1186.0,2325.21,2329.9546034158307,2309.7177482938987,2345.984563648247
1191.0,2327.76,2323.6756101471556,2330.232719017354,2327.429916740156
1196.0,2330.33,2330.564149240853,2332.6637852271383,2363.1256935889255
1201.0,2332.9,2336.6413661510123,2338.70979849381,2306.530567760616
1206.0,2335.47,2331.366272483426,2346.0064304685507,2305.0731283554646
1211.0,2338.06,2334.624514276637,2326.0248995344714,2326.1688336097695
1216.0,2340.65,2342.9971482599026,2330.478327234388,2321.727383405229
1221.0,2343.25,2338.6108299286084,2361.085684789375,2349.1436018346953
1226.0,2345.86,2344.7358794042348,2326.140102587719,2391.7000377685495
1231.0,2348.48,2353.4395262929797,2338.775408920557,2382.303703157213
1236.0,2351.11,2352.1772911286616,2357.132784091875,2399.299684205143
1241.0,2353.74,2355.45027804617,2370.4894194057583,2329.7333195410392
1246.0,2356.38,2356.7563036241586,2353.8869877004245,2392.7918325483574
1251.0,2359.03,2359.78001211852,2351.9866029197215,2358.049931951409
1256.0,2361.68,2365.9833131290657,2375.9510366262616,2392.8190472123333
1261.0,2364.34,2364.4319923342396,2360.5837185100722,2326.135277015877
1266.0,2367.01,2369.243017682722,2360.781603407391,2351.7477465909537
1271.0,2369.69,2366.4493331029557,2369.7827622377613,2397.134778963692
1276.0,2372.38,2368.1474692132265,2354.8075901596435,2368.099744216333
1281.0,2375.07,2370.51726432698,2384.0344815518483,2408.045793035081
1286.0,2377.77,2381.8344730542444,2375.1796766891275,2403.3185343468535
1291.0,2380.48,2379.3067422992403,2394.0914278386535,2335.3775073646107
1296.0,2383.19,2384.7501667784136,2380.7284494826085,2343.9390992800436
1301.0,2385.92,2385.58862543145,2403.303135283323,2380.150606758298
1306.0,2388.65,2392.6538466022103,2405.1222947230153,2378.5893064103147
1311.0,2391.38,2394.3936388020306,2385.7406267482215,2350.145532621248
1316.0,2394.13,2391.306743709596,2394.7163588752433,2388.6024534343082
1321.0,2396.88,2401.028475189131,2401.5590760927644,2442.7143892312424
1326.0,2399.64,2403.0761555345466,2418.494920714577,2370.8328777298875
1331.0,2402.41,2400.5611723482352,2404.492692886674,2408.991051617145
1336.0,2405.18,2408.65245950821,2420.995546565507,2452.1063213178677
1341.0,2407.96,2403.1466068499017,2409.416207916511,2396.741973703318
1346.0,2410.75,2413.508252083317,2427.1034537354685,2415.2577886412573
1351.0,2413.55,2417.531574492652,2418.0694274119537,2438.959043587908
1356.0,2416.35,2420.544043960952,2415.8626890494265,2425.6833651646525
1361.0,2419.16,2422.5332667935436,2430.816587837879,2449.9060106728875
1366.0,2421.97,2426.6902351131716,2428.57606374455,2432.707794610105
1371.0,2424.8,2423.158492761988,2440.257419952339,2459.8690182936534
1376.0,2427.63,2422.8258964931847,2434.8523493120492,2470.892915352517
1381.0,2430.47,2425.966027269251,2432.7933043545663,2417.934716943122
1386.0,2433.31,2433.195324404786,2451.166110018584,2418.907307621838
1391.0,2436.16,2437.2819833028093,2420.826421236017,2404.9191758532183
1396.0,2439.02,2435.4263159611346,2435.2467514703994,2397.346003113481
1401.0,2441.88,2442.7678907938207,2438.7837281014263,2463.8072622610102
1406.0,2444.76,2439.9212633705824,2460.9580149886024,2426.2699107288227
1411.0,2447.64,2444.991719929614,2467.2376927613295,2492.23314880667
1416.0,2450.52,2452.5138842521424,2452.2412580682044,2488.103938961781
1421.0,2453.41,2456.85068993397,2453.9833751347305,2474.2632638817513
1426.0,2456.31,2457.5198270257906,2469.754503449879,2485.684719949097
1431.0,2459.22,2457.9473591898786,2448.593356853654,2410.095853683575
1436.0,2462.13,2464.1364129174376,2472.5985333398653,2476.7647022185092
1441.0,2465.05,2460.8019773850156,2453.6496644741246,2439.5167507336014
1446.0,2467.98,2465.8120344238555,2463.9602133302055,2449.9780225824557
1451.0,2470.91,2469.5978945780744,2456.9218055536194,2437.5463922707186
1456.0,2473.85,2473.8646123732133,2478.6658982079016,2469.351518088099
1461.0,2476.8,2479.8552529665967,2461.853914925579,2478.243853497243
1466.0,2479.75,2477.90517299041,2480.693231970577,2509.535322773826
1471.0,2482.71,2487.6922264294003,2498.7082970282127,2439.712358250329
1476.0,2485.67,2481.6599163856913,2488.4819685361053,2477.6531574555625
1481.0,2488.65,2490.352506302185,2477.869002332174,2534.8174285031864
1486.0,2491.63,2494.2437618844774,2487.432651129479,2534.141481585013
1491.0,2494.61,2496.6510611968147,2481.833946173173,2455.051308017218
1496.0,2497.6,2499.380660802075,2494.3602200744335,2488.635702414277
1501.0,2500.6,2500.6246993152536,2511.429145000116,2470.650682878842
1506.0,2503.6,2505.9200992681967,2514.4768493053857,2532.184420973023
1511.0,2506.62,2501.9956428085466,2488.6003469456,2528.33155124102
1516.0,2509.63,2507.753075248874,2522.528692861166,2536.670567395939
1521.0,2512.66,2511.049950101642,2505.477356961302,2475.3557908159337
1526.0,2515.69,2514.1510458325474,2507.2537184955245,2490.880405490276
1531.0,2518.72,2519.6417187072902,2524.831161574829,2539.275832449922
1536.0,2521.76,2518.8933188654414,2520.7565994263446,2472.233862929014
1541.0,2524.81,2525.020824721948,2536.3451690061684,2536.8424016729487
1546.0,2527.87,2527.706224057599,2525.9006449073217,2566.9266394515084
1551.0,2530.93,2534.8275179259413,2528.51604620918,2532.6678857330317
1556.0,2534.0,2536.6740516358864,2548.5101814596374,2531.527228370124
1561.0,2537.07,2533.591277373337,2546.518279164409,2532.404854777563
1566.0,2540.15,2544.718817013439,2544.9886155673717,2538.439562964015
1571.0,2543.23,2547.562428060716,2527.9063616506182,2570.1932476096163
1576.0,2546.33,2549.2038026863906,2555.871696543861,2506.9704705876698
1581.0,2549.42,2552.9704286219962,2543.520853950268,2534.5657870568016
1586.0,2552.53,2556.903674500422,2553.981366556066,2503.3748497461047
1591.0,2555.64,2555.588431331215,2540.216172467247,2599.182088823319
1596.0,2558.75,2563.149658146012,2572.9470132285396,2598.4414876199535
1601.0,2561.87,2557.3345037190634,2571.5502759127044,2567.507770187656
1606.0,2565.0,2565.5584460962696,2571.8070775112706,2519.657819292375
1611.0,2568.14,2569.679263080666,2575.8661061018997,2566.4832934974984
1616.0,2571.28,2568.123560963607,2590.3188144195433,2589.0291519706493
1621.0,2574.42,2577.5498979885633,2588.223177135359,2600.243493326196
1626.0,2577.57,2577.7319751240084,2564.676643207114,2625.880596869602
1631.0,2580.73,2582.1226397452956,2561.9917005799007,2599.385372568219
1636.0,2583.89,2581.669777636364,2594.0740143394064,2537.719880747341
1641.0,2587.06,2591.4294791134957,2579.2426784780746,2623.338922927321
1646.0,2590.23,2588.530207360901,2575.9291684160025,2559.565006253109
1651.0,2593.41,2595.048795672806,2600.3319305576083,2627.4212145873175
1656.0,2596.6,2601.2858542064823,2605.7955144872303,2614.6089197044025
1661.0,2599.79,2601.5308686601275,2617.41580378352,2625.4627571450105
1666.0,2602.99,2601.8833808085437,2600.4118336514903,2602.8378888624075
1671.0,2606.19,2602.873960851531,2610.6076774744074,2631.0400793336826
1676.0,2609.4,2608.3916494162963,2607.670030162431,2620.9223879186984
1681.0,2612.62,2612.979597024056,2599.969110037372,2565.01944864208
1686.0,2615.84,2616.329278617845,2622.8178908801183,2632.0281033907354
1691.0,2619.06,2621.1602989616626,2599.7339492143974,2574.141690771318
1696.0,2622.29,2622.320796131573,2627.6152353793623,2638.4463953163377
1701.0,2625.53,2626.2516545373874,2639.4196322097205,2620.521911564633
1706.0,2628.77,2625.6458443726337,2630.6830845113077,2629.342240204495
1711.0,2632.02,2633.514218651808,2620.543747357156,2608.203597993368
1716.0,2635.27,2637.8862127335515,2616.7110797999217,2638.5246244474133
1721.0,2638.53,2638.3791141301385,2658.457299523933,2601.2739869175566
1726.0,2641.79,2645.3824724647484,2627.267363002418,2630.298603408052
1731.0,2645.06,2648.0228588061536,2660.405503013979,2625.4644915988556
1736.0,2648.34,2649.6860447710296,2633.05166273593,2651.425957306376
1741.0,2651.62,2650.0091304540247,2647.7440620390907,2606.7216099776424
1746.0,2654.9,2656.202805331287,2668.035315084312,2630.706820379675
1751.0,2658.2,2655.9739422736156,2671.0001044186088,2688.1624667606866
1756.0,2661.49,2659.058691768661,2651.4056314920817,2651.588893507985
1761.0,2664.79,2666.330768774399,2648.413992822951,2639.675573573277
1766.0,2668.1,2663.382880311306,2686.8153086755206,2661.592928798519
1771.0,2671.41,2667.277080010509,2674.6475843749604,2669.2287213512836
1776.0,2674.73,2675.9253296888246,2687.2446107543255,2653.479641792185
1781.0,2678.05,2675.9157563511253,2697.197739321058,2704.337615349015
1786.0,2681.38,2678.3869880568027,2683.543899747704,2659.1676129009247
1791.0,2684.71,2680.3850012105545,2681.217584155528,2708.383495366948
1796.0,2688.05,2687.2956132458776,2696.390767109447,2736.175929270178
1801.0,2691.39,2693.5483831868532,2682.0437137484455,2655.225558641618
1806.0,2694.74,2693.719619731406,2675.338615576037,2710.2677836078137
1811.0,2698.1,2697.7010732864574,2700.9218042162124,2714.372551181439
1816.0,2701.45,2697.597004569033,2688.386144131838,2722.948726275656
1821.0,2704.82,2701.4264311673687,2700.147517045483,2707.972043223197
1826.0,2708.19,2705.755394034051,2706.0187937465753,2741.1994308733806
1831.0,2711.56,2712.8248676156363,2724.5406832618764,2731.488823116765
1836.0,2714.94,2712.3204399085757,2711.7979683325484,2734.1592544814903
1841.0,2718.32,2716.7891394771236,2727.520117851828,2676.655382837171
1846.0,2721.71,2722.319871715278,2726.45071598992,2739.91231117435
1851.0,2725.11,2721.4504147222333,2721.8006373554713,2734.465317037199
1856.0,2728.5,2726.5748116464824,2713.8657192694736,2708.5388007908673
1861.0,2731.91,2734.3398628081973,2720.89439474893,2766.0799086349402
1866.0,2735.32,2732.44268143253,2739.239844765049,2757.9546787575027
1871.0,2738.73,2734.192191386606,2721.5922278553408,2721.2017522383803
1876.0,2742.15,2743.7500119359984,2744.907281110242,2749.1139725906733
1881.0,2745.57,2747.220216447237,2757.328701930615,2719.697130630928
1886.0,2749.0,2744.21039562372,2765.609520726627,2728.968933541441
1891.0,2752.43,2747.6917589714,2765.1237087419554,2738.2188103070453
1896.0,2755.87,2755.9630441893087,2769.0930707066436,2795.0402681569526
1901.0,2759.31,2762.66914268058,2756.2251789944667,2806.557900439955
1906.0,2762.76,2764.5601121418395,2781.342050708596,2766.1467354662996
1911.0,2766.21,2768.333377545028,2763.2184594272817,2797.5002633743165
1916.0,2769.67,2768.843979623766,2779.108617521328,2750.951911735068
1921.0,2773.13,2775.6844738675645,2760.4596024525326,2821.6297217918336
1926.0,2776.59,2780.0757090877264,2780.3146824203122,2759.964742645834
1931.0,2780.06,2782.769800375745,2763.788863461229,2827.4847226085544
1936.0,2783.54,2786.4082977505473,2790.757598111565,2819.0261051632806
1941.0,2787.02,2788.0962107840437,2800.018613213918,2775.102204136002
1946.0,2790.5,2792.557261355596,2800.6195075857377,2791.8498387733557
1951.0,2793.99,2789.6998499347396,2803.523275866425,2843.8750533750745
1956.0,2797.49,2799.4394182874457,2816.8889251068413,2777.9749935836153
1961.0,2800.99,2799.9198704487276,2781.419247849717,2756.397599160409
1966.0,2804.49,2805.4301199850506,2807.6129187697043,2807.275337601742
1971.0,2808.0,2808.5972643528135,2819.656764791674,2828.295018758608
1976.0,2811.51,2811.059994833684,2806.253018837955,2835.7087839420537
1981.0,2815.02,2815.31490200527,2799.8747350872736,2778.132273593701
1986.0,2818.55,2818.423669775929,2811.976795698656,2854.6473245588654
1991.0,2822.07,2823.5356936471494,2833.5303841290993,2864.8090029863474
1996.0,2825.6,2827.562809978213,2823.5639944205354,2850.018660166756
2001.0,2829.13,2827.2773084850587,2839.019604752791,2834.588806554466
2006.0,2832.67,2837.3707993016383,2827.9801538354814,2793.192946147615
2011.0,2836.22,2833.4376194625515,2827.027792159066,2805.482200091321
2016.0,2839.76,2839.821871528626,2840.8860118685675,2863.028203982168
2021.0,2843.32,2842.17725610515,2843.846202497581,2847.1874390778307
2026.0,2846.87,2843.9876322569753,2848.1365650182324,2804.440116516639
2031.0,2850.43,2853.965357442246,2855.882113529234,2816.4649317287904
2036.0,2854.0,2851.7215820012984,2848.4836405273863,2831.3672965051087
2041.0,2857.57,2859.0615846224123,2867.983775072894,2817.6393331980908
2046.0,2861.14,2856.789081189898,2845.059220761788,2907.4807521419125
2051.0,2864.72,2861.870195985403,2861.269959724769,2896.53627761102
2056.0,2868.3,2866.29661351973,2854.7476244146446,2854.3025392548743
2061.0,2871.88,2867.7377848023034,2885.030347726134,2866.3832020595055
2066.0,2875.47,2879.4393070573396,2870.0820497736386,2878.59734145597
2071.0,2879.07,2878.0211114785534,2871.1536417505945,2858.738517013456
2076.0,2882.67,2878.3173877948543,2890.379013998457,2907.063462051597
2081.0,2886.27,2884.8401408435097,2876.1266878757497,2900.350583556185
2086.0,2889.88,2885.8571773181234,2880.171893279428,2910.0352589794893
2091.0,2893.49,2892.927399414658,2907.876626559981,2925.0553523262047
2096.0,2897.1,2892.9558292027828,2880.756179806819,2875.4038591006974
2101.0,2900.72,2898.320378218451,2882.31069585991,2930.044103454956
2106.0,2904.35,2903.1153330379307,2910.6232877351254,2911.540932293707
2111.0,2907.98,2905.8999387151443,2896.1113745078183,2901.583254908487
2116.0,2911.61,2915.2833187443084,2923.6807941192683,2961.392859073147
2121.0,2915.24,2918.134301307587,2920.4396402736406,2941.376860141601
2126.0,2918.88,2923.6674947287534,2901.0839687937773,2961.838599638985
2131.0,2922.53,2918.243707601135,2917.5827450695697,2879.496681111428
2136.0,2926.17,2923.0475476851047,2945.860434998763,2887.9003833897405
2141.0,2929.83,2933.5225414819347,2924.8267127384906,2921.9200373979766
2146.0,2933.48,2936.6121444140535,2915.5057727300186,2954.386090145141
2151.0,2937.14,2940.479556863576,2924.4842401974606,2943.754340345237
2156.0,2940.81,2937.297234203474,2952.38700525688,2972.0768725933067
2161.0,2944.47,2946.65767997331,2954.6574351536688,2945.5897338233885
2166.0,2948.14,2944.9917445232954,2954.0921790576244,2953.972641859277
2171.0,2951.82,2954.2861346630857,2942.898386133386,2967.6650785043603
2176.0,2955.5,2959.6934276920347,2966.8317510550414,2964.047290954532
2181.0,2959.18,2957.2616480016013,2958.4405246709134,2933.0828934564715
2186.0,2962.87,2961.6451679395027,2956.3302970951077,2987.1095190180545
2191.0,2966.56,2971.533250221452,2950.7266467241047,2927.02833300355
2196.0,2970.26,2974.6733974779304,2968.3092153613147,2958.954580964654
2201.0,2973.95,2973.426450229676,2971.5468702662,2927.8861705767386
2206.0,2977.66,2979.8070250036762,2978.6816598746523,2929.6467835091694
2211.0,2981.36,2985.4658546462233,2961.648308788257,2982.6055737631714
2216.0,2985.07,2985.6278658245183,2982.574007957144,2985.0078978491188
2221.0,2988.79,2991.1278953644787,2982.129357666326,2960.2603956748844
2226.0,2992.5,2997.291093249094,2979.2727468781104,3030.437247149062
2231.0,2996.22,2992.4332047636767,2987.101840683079,2953.805491879762
2236.0,2999.95,3000.374604669394,2980.3658679773444,2950.776097769367
2241.0,3003.68,3007.1961612403397,2992.785317253154,3012.637297398776
2246.0,3007.41,3003.696073069838,2993.9627430187743,3019.151302294597
2251.0,3011.15,3007.1806697604075,3002.856305467963,3040.317146024343
2256.0,3014.89,3019.2811938418463,3014.630029781363,2998.4371341193114
2261.0,3018.63,3019.6186562554135,3032.0424518199247,3051.1739967660187
2266.0,3022.38,3019.250399672772,3024.0925704305787,2990.1439641328243
2271.0,3026.13,3029.99203036798,3014.774435456371,3041.3616529728047
2276.0,3029.88,3032.1569930190344,3011.6614826023874,3058.799138901431
2281.0,3033.64,3033.249791257504,3029.3681555708476,3048.0446681351486
2286.0,3037.4,3041.8588672798387,3036.225811649804,3032.7781347509517
2291.0,3041.16,3040.5180088018064,3040.4930927105493,3074.8844501805265
2296.0,3044.93,3045.309147677314,3057.463261417252,3036.4591632049355
2301.0,3048.7,3049.9089034230506,3041.54119770398,3089.027753203504
2306.0,3052.48,3054.737331067301,3057.3887073448172,3090.9257229009822
2311.0,3056.26,3060.1221598999823,3059.1308433368654,3010.5465174457454
2316.0,3060.04,3059.2997203422933,3051.0304917538624,3070.820664352968
2321.0,3063.83,3068.2017219402737,3065.623803165303,3039.8109260976717
2326.0,3067.62,3071.6227692942102,3076.602968403578,3081.400962820909
2331.0,3071.41,3072.918147367099,3090.676479244369,3101.694398786867
2336.0,3075.21,3070.580798829428,3070.503447681156,3120.4810212499997
2341.0,3079.01,3080.682406529264,3074.9112453390467,3032.6649881294165
2346.0,3082.81,3079.644504288341,3094.6016950989288,3082.5478723714627
2351.0,3086.62,3085.022811493073,3070.0763695948267,3132.2552358740263
2356.0,3090.43,3085.981696903266,3075.834458820465,3104.385487813111
2361.0,3094.24,3094.732324306126,3089.665089483227,3133.281719002562
2366.0,3098.06,3101.27839553,3078.2652803848036,3119.8464837104266
2371.0,3101.88,3101.197335394032,3117.512570931381,3084.004461206402
2376.0,3105.7,3108.517137616454,3093.325071788775,3103.664167380271
2381.0,3109.53,3107.3983792358517,3122.7853352773586,3154.259673043703
2386.0,3113.36,3116.5593374100063,3094.690722779173,3125.4001331549375
2391.0,3117.19,3119.5242011406763,3097.4777193969967,3079.420156682786
2396.0,3121.03,3125.707562885826,3112.641414364325,3082.7537326591855
2401.0,3124.87,3124.9278416170055,3123.365730259945,3098.475751933658
2406.0,3128.71,3125.258401350402,3122.2743296771428,3132.8787361078753
2411.0,3132.56,3136.420517003879,3123.3567620624617,3163.719577340452
2416.0,3136.41,3137.902490517781,3136.057289438114,3127.605797637272
2421.0,3140.26,3143.9482699697724,3137.395606247811,3141.48937020766
2426.0,3144.12,3145.2194890516457,3161.924377555977,3188.100647121355
2431.0,3147.98,3147.2986948418884,3142.4996608890688,3157.84961916912
2436.0,3151.84,3153.8950949702057,3152.626082664659,3122.41897454948
2441.0,3155.71,3153.190258264076,3174.7406547338796,3197.209845036024
2446.0,3159.58,3158.3163695408907,3141.346833896829,3208.75835324358
2451.0,3163.45,3162.113335854214,3168.7732632445595,3141.7345523700187
2456.0,3167.32,3164.060962654517,3186.394125301548,3194.051820333707
2461.0,3171.2,3172.7873801596543,3155.4041166755846,3155.7666332004965
2466.0,3175.08,3179.17449275828,3158.903826162658,3214.470903527579
2471.0,3178.97,3179.618586747521,3195.0545986301836,3213.7106495259154
2476.0,3182.86,3177.9862313724334,3188.279731699545,3145.71901699766
2481.0,3186.75,3182.3418416662585,3205.7689176087524,3236.68588387951
2486.0,3190.64,3193.722988303512,3170.651087160031,3170.198631520946
2491.0,3194.54,3190.0231070287364,3197.6919103080363,3218.4187829154534
2496.0,3198.44,3203.430093369732,3205.2136678803267,3178.103350734724
2501.0,3202.34,3198.4660012241875,3206.4003497249882,3163.445720227213
2506.0,3206.25,3205.0607736966153,3205.0771964247083,3242.3434105070064
2511.0,3210.16,3212.320188598725,3218.063812909154,3240.9324678302587
2516.0,3214.07,3217.1339041452457,3208.208401965148,3257.2710797884088
2521.0,3217.99,3218.949044085937,3218.597970552981,3238.8065284526147
2526.0,3221.91,3223.3267065714094,3235.083963042459,3257.870274020571
2531.0,3225.83,3230.1684490450925,3233.291012520648,3229.8502398999867
2536.0,3229.75,3234.52390947877,3232.2750184934052,3233.838604203593
2541.0,3233.68,3231.874753732601,3235.0444311319525,3281.8115064409694
2546.0,3237.61,3233.2672406282663,3224.873894234175,3281.5339855649336
2551.0,3241.54,3238.713923834263,3248.8091003555883,3236.3876457866013
2556.0,3245.48,3246.0268614668557,3236.808265508427,3247.9733533198596
2561.0,3249.42,3246.3904514514534,3253.0680282396543,3279.48654264918
2566.0,3253.36,3249.256053886912,3241.9072325836473,3286.036689412889
2571.0,3257.31,3254.277258423036,3239.994981854324,3240.265539897943
2576.0,3261.25,3261.257567204777,3253.9417485333183,3268.752071793227
2581.0,3265.2,3264.9288193472844,3274.7448285806877,3306.5674759551985
2586.0,3269.16,3271.528632151966,3279.847611182211,3283.570536115733
2591.0,3273.11,3269.0001065177084,3277.973581806456,3276.0278075414626
2596.0,3277.07,3279.6646741551276,3275.356862526052,3315.06477398328
2601.0,3281.04,3276.7934697405562,3298.595277788537,3277.326658637045
2606.0,3285.0,3280.26081450791,3298.341954709634,3315.6217346380063
2611.0,3288.97,3284.362717637166,3277.1255036773323,3276.3429907651544
2616.0,3292.94,3296.695766699306,3294.470603773674,3288.0028417758945
2621.0,3296.91,3298.1257506823877,3280.969265765227,3312.749649261251
2626.0,3300.89,3305.1338123370683,3308.8667811921223,3260.4202193518095
2631.0,3304.87,3309.040099131197,3296.7604179076425,3309.9407558281678
2636.0,3308.85,3308.8051075689064,3291.468970183794,3312.1448596716814
2641.0,3312.84,3315.3144323636607,3293.3026901573267,3335.8667984831113
2646.0,3316.82,3317.4692394840586,3322.9996775233353,3314.2917394199653
2651.0,3320.81,3320.5870221003274,3339.644982571379,3313.8355066623176
2656.0,3324.81,3328.0471302376714,3322.6642220799426,3334.7239458771655
2661.0,3328.8,3325.601549166918,3321.97761363189,3345.6833408829402
2666.0,3332.8,3330.246198539912,3350.7012166300565,3334.766823423139
2671.0,3336.8,3333.932531696681,3352.5781838079038,3299.395877760437
2676.0,3340.8,3337.8360503773474,3333.395845346689,3367.585526837986
2681.0,3344.81,3342.8868184305034,3353.4371796614037,3368.785583070162
2686.0,3348.82,3347.418488081185,3350.609208730407,3398.7137464226403
2691.0,3352.83,3355.072515437287,3371.4410358651803,3352.0802372906282
2696.0,3356.85,3356.1567285104384,3375.6165940693804,3377.5746033921855
2701.0,3360.86,3365.1596961206765,3355.115506546525,3343.949615649762
2706.0,3364.88,3369.1135118314796,3373.133697434846,3329.1703001955602
2711.0,3368.91,3364.4042729185444,3383.8416538555775,3344.0047237091867
2716.0,3372.93,3369.8041869469266,3376.126598556438,3335.2467498011038
2721.0,3376.96,3375.972268989856,3386.0218573542916,3362.32295142495
2726.0,3380.99,3382.335482667956,3379.1177016965084,3378.771776057234
2731.0,3385.02,3380.859918024233,3386.6407599413756,3336.9518042152636
2736.0,3389.06,3385.218944089067,3391.250034561895,3421.6872531261856
2741.0,3393.09,3392.997825864948,3386.5574217426806,3361.0783108530018
2746.0,3397.13,3398.614034690586,3402.8952458303165,3426.610266979703
2751.0,3401.18,3396.2658403534074,3414.1767527218653,3371.8636262473633
2756.0,3405.22,3405.352599090025,3395.7704513771628,3365.9279114499213
2761.0,3409.27,3404.289088667179,3407.632134282844,3454.14280335656
2766.0,3413.32,3410.3653674746097,3418.4648073571566,3448.7430430430627
2771.0,3417.37,3417.713338873259,3404.4435428023967,3417.826019643419
2776.0,3421.43,3420.922860733935,3411.3324077787242,3444.1512172800644
2781.0,3425.49,3425.4267270448727,3422.457993934449,3377.7545098028404
2786.0,3429.55,3425.9365663165017,3420.572841386098,3459.76538589203
2791.0,3433.61,3436.080934713018,3416.7184032974333,3390.945223539891
2796.0,3437.68,3435.2994872775366,3419.17861269029,3413.4667649031508
2801.0,3441.74,3440.242919417352,3422.4344254157663,3433.1025265225153
2806.0,3445.81,3440.834756306384,3450.2186435424464,3495.325970239432
2811.0,3449.89,3448.9417571039853,3432.931151826456,3449.090958925788
2816.0,3453.96,3457.8423615877746,3466.7633541631944,3480.2749073395184
2821.0,3458.04,3462.3963622519987,3469.4902906351303,3421.345331815504
2826.0,3462.12,3457.7812610348183,3454.72833193805,3511.4704881587777
2831.0,3466.2,3468.2997899999305,3448.7900513299733,3424.6058025923257
2836.0,3470.29,3468.610196388837,3465.284543046989,3513.9178426090343
2841.0,3474.37,3475.9442764250743,3482.286193272165,3489.056278353338
2846.0,3478.46,3482.1469589508993,3497.272331639833,3517.421890342461
2851.0,3482.56,3485.8366594306976,3467.2438669210187,3471.6722524624447
2856.0,3486.65,3489.2431300636586,3466.7782716151796,3511.728424284186
2861.0,3490.75,3490.213589963286,3492.8198209595303,3534.6239383046645
2866.0,3494.85,3492.028537840787,3479.5272805311993,3533.853314026313
2871.0,3498.95,3501.876022421219,3507.5235873147267,3479.3452723460855
2876.0,3503.05,3500.484735729032,3505.1113441490706,3501.71221828677
2881.0,3507.16,3506.457629368278,3521.9560990360524,3467.0789055597024
2886.0,3511.27,3512.4563711386004,3492.849845302705,3477.6223010812137
2891.0,3515.38,3519.0755248990376,3517.7613847266707,3535.289492868923
2896.0,3519.49,3515.0787358000202,3503.8188022917952,3532.7684236872205
2901.0,3523.61,3523.0862789595644,3529.3130091134844,3560.317579027947
2906.0,3527.72,3523.0632490126186,3529.9165083666394,3518.3927557052416
2911.0,3531.84,3536.7566694073707,3526.848432194545,3517.82670513061
2916.0,3535.97,3537.3829784613317,3536.9950273675804,3551.3004574485835
2921.0,3540.09,3540.2967212378417,3532.3929915408376,3505.3673679276108
2926.0,3544.22,3545.70921846607,3528.0099309627053,3530.2935473706566
2931.0,3548.35,3548.600838904791,3533.587276893731,3546.8206119075858
2936.0,3552.48,3556.447995095992,3555.8185697193203,3595.747150920867
2941.0,3556.61,3555.968501847416,3564.1188925334254,3533.446619140944
2946.0,3560.75,3564.8612960625037,3578.809079577745,3574.560459855705
2951.0,3564.88,3563.2651030972256,3546.4085368857973,3535.29228402749
2956.0,3569.02,3568.4997305570027,3563.762409992898,3557.970683510999
2961.0,3573.17,3570.8108085994795,3565.102504591927,3561.20656328183
2966.0,3577.31,3578.247839811882,3586.9468433634265,3596.2608131921565
2971.0,3581.46,3586.2343291444095,3576.8857158655846,3555.401116334562
2976.0,3585.61,3587.1857939364936,3577.5529254154962,3562.007489471309
2981.0,3589.76,3593.4414949417614,3588.5227952510827,3598.1813644040685
2986.0,3593.91,3597.9158767110007,3610.205469041678,3599.1776718257825
2991.0,3598.07,3599.6465095416165,3612.7160392389233,3562.2625328171107
2996.0,3602.22,3605.8618544852316,3588.762394615689,3596.693588528711
3001.0,3606.38,3604.336513181424,3590.4199891371695,3654.116388285516
3006.0,3610.55,3613.48569789807,3609.196643654468,3578.903310815117
3011.0,3614.71,3617.7261078394977,3613.5592443365417,3609.8250483432034
3016.0,3618.87,3615.899560114639,3622.8414417205845,3609.4059044815713
3021.0,3623.04,3621.865072846752,3626.9707212469616,3590.9435931571484
3026.0,3627.21,3629.2105562934585,3612.8096849795666,3644.2492116780436
3031.0,3631.39,3635.825616570949,3623.1303287479404,3641.6857353532196
3036.0,3635.56,3637.2296361807566,3637.1593710938164,3622.3562924628127
3041.0,3639.74,3643.9099702383946,3642.888556415716,3680.716952072851
3046.0,3643.91,3644.780305581641,3647.9778166745427,3641.592495741241
3051.0,3648.1,3643.3584087870818,3655.67633191854,3648.7345545389367
3056.0,3652.28,3654.1835718903358,3649.311918679,3672.625183385324
3061.0,3656.46,3654.784183576639,3651.413222241989,3656.729662325986
3066.0,3660.65,3656.286346315542,3668.0390705639984,3615.3764351589152
3071.0,3664.84,3663.826360908822,3653.1512754327196,3653.604368136869
3076.0,3669.03,3669.0745828212634,3659.4875045511635,3700.3368971531117
3081.0,3673.22,3669.3039636499802,3656.4209600851327,3680.3188004793956
3086.0,3677.42,3679.3112536665553,3664.0749576448256,3691.585238943448
3091.0,3681.61,3678.80360663263,3681.1374597197528,3709.1649283814145
3096.0,3685.81,3689.1232914062684,3667.3146336232676,3717.318796890784
3101.0,3690.01,3693.6752935227955,3670.7174849889884,3690.2320595679435
3106.0,3694.22,3689.45997872365,3676.83655539315,3658.3610644304954
3111.0,3698.42,3697.6731821708067,3717.3853669498494,3685.2754700714618
3116.0,3702.63,3698.995839430858,3704.05464677733,3680.9616620030965
3121.0,3706.84,3707.2947319373225,3722.564074681886,3755.885001556826
3126.0,3711.05,3707.710530534221,3704.114272682269,3739.9237899963273
3131.0,3715.26,3710.5062056510333,3726.1384963369474,3764.0820077936546
3136.0,3719.48,3721.1219109707117,3704.9956045803856,3674.548811234833
3141.0,3723.69,3719.0272892261473,3733.306396983728,3718.746269565829
3146.0,3727.91,3728.520565238315,3719.4640920770585,3716.381767796512
3151.0,3732.13,3728.2836288915537,3724.7335058855488,3769.87179030669
3156.0,3736.35,3739.5574093829396,3754.904627023567,3756.5066020987424
3161.0,3740.58,3737.833137167889,3754.4547326876987,3779.2820253876307
3166.0,3744.8,3747.492316775251,3742.87964067188,3732.694442553595
3171.0,3749.03,3752.048486997154,3755.680107454793,3724.238801069712
3176.0,3753.26,3749.91129633053,3750.8675982385,3786.3091861424123
3181.0,3757.49,3758.9315822064605,3750.8633270145315,3768.5298541442985
3186.0,3761.73,3762.7718280066892,3772.4960395566136,3765.165353125484
3191.0,3765.96,3761.251966678037,3758.239218140987,3741.780607605723
3196.0,3770.2,3768.1183700225197,3762.1366753591365,3764.495455886275
3201.0,3774.44,3775.0148795166233,3789.775645072378,3735.4562308884606
3206.0,3778.68,3780.079448324255,3798.5680002791933,3773.2467245935704
3211.0,3782.92,3780.9594985073936,3767.8719449705877,3765.178219055288
3216.0,3787.17,3784.8895195886676,3805.9976515078065,3738.7063588639285
3221.0,3791.42,3795.0861067134533,3781.1713875168166,3781.510585160778
3226.0,3795.67,3795.7170880164776,3797.161235851381,3758.50445643797
3231.0,3799.92,3798.003474451669,3780.1160198931148,3781.597097161149
3236.0,3804.17,3799.5282673637253,3801.1807229605665,3825.8458492071304
3241.0,3808.42,3803.6744483356456,3815.450180996648,3784.602876971493
3246.0,3812.68,3814.143727778653,3820.302798019022,3780.395050965163
3251.0,3816.94,3817.4370790686135,3797.29038555376,3864.7187844976424
3256.0,3821.2,3817.647164324871,3827.1498406918545,3783.5889599016205
3261.0,3825.46,3828.3878955336,3817.9259100851573,3874.0105410209976
3266.0,3829.72,3828.374200284144,3823.372510233923,3841.663601536825
3271.0,3833.99,3833.1291161203803,3832.3026961275427,3848.73909880596
3276.0,3838.25,3841.3098810080323,3827.877328027633,3831.665554386444
3281.0,3842.52,3845.257494661491,3847.144737804072,3846.7245117307
3286.0,3846.79,3850.4372795639524,3857.184254307192,3852.5846658707933
3291.0,3851.06,3849.1926003692874,3852.8885338622244,3861.5001868534596
3296.0,3855.34,3857.7145944563504,3872.8920550842,3875.088582404282
3301.0,3859.61,3859.098923345076,3865.6689025993574,3854.463012476664
3306.0,3863.89,3867.527622781296,3863.602389149625,3815.0355039517094
3311.0,3868.17,3863.5102766981445,3853.195237332487,3824.9101811715345
3316.0,3872.45,3873.2615415253335,3866.020987493773,3917.3107076811557
3321.0,3876.73,3878.996317129628,3886.517463574569,3837.8456249848823
3326.0,3881.01,3885.672131085154,3868.035195034246,3832.883771840546
3331.0,3885.3,3889.2781185707377,3876.107279696456,3870.3155810181815
3336.0,3889.59,3884.6423706637243,3894.2555248018207,3872.113423274152
3341.0,3893.88,3898.729902978207,3887.6542196151468,3941.7591218498364
3346.0,3898.17,3897.7248074415033,3900.7637437935387,3855.4094913514896
3351.0,3902.46,3906.993248797413,3920.8541930127635,3916.287889266514
3356.0,3906.76,3905.91119449812,3914.025569217666,3887.317865157616
3361.0,3911.05,3906.9831421274275,3909.2220737994085,3912.220432000464
3366.0,3915.35,3915.565208299683,3901.061202905612,3894.723709341834
3371.0,3919.65,3915.76561744674,3934.346130571851,3914.4674796390073
3376.0,3923.95,3922.1570059934625,3941.6658569880374,3882.9667202005476
3381.0,3928.25,3923.4767239993853,3944.642215370061,3951.0509916557803
3386.0,3932.56,3928.514098199812,3924.4441256166183,3927.403924871632
3391.0,3936.86,3941.1331575433824,3943.246171625534,3887.574002228254
3396.0,3941.17,3944.9343928003273,3947.5506322742667,3980.0017789312205
3401.0,3945.48,3944.1358914219263,3926.5755158075162,3989.770675961078
3406.0,3949.79,3949.635935078571,3942.6138280406008,3993.2790813436823
3411.0,3954.1,3955.238037242993,3955.542581274084,3960.9741188486255
3416.0,3958.42,3962.6642431955743,3969.8943161892535,3953.291827250962
3421.0,3962.73,3961.644221136475,3972.722613141278,3938.938386885434
3426.0,3967.05,3970.6713273129467,3959.5925498918264,3942.364474883793
3431.0,3971.37,3974.9170118472125,3985.9682673524694,3925.9337252285804
3436.0,3975.69,3970.968407958375,3964.747368541919,3985.330746270823
3441.0,3980.01,3976.6411226384093,3973.8882353179783,3973.0803013607288
3446.0,3984.33,3983.00362188554,3984.405622505534,3952.53967282381
3451.0,3988.66,3984.1517707302187,3999.208768402084,3969.053198490879
3456.0,3992.99,3992.8220463763223,3992.728121813719,4023.495819706582
3461.0,3997.31,3999.651957567826,3977.924346298882,4024.6256557433835
3466.0,4001.64,3997.8722942418826,4001.967461989559,4047.2401587514937
3471.0,4005.98,4008.88556882051,3997.9141340713236,3957.860687734084
3476.0,4010.31,4006.7546476048624,3990.78292694534,4054.6914410675963
3481.0,4014.64,4014.95882845008,4008.4557859335746,3983.2738970634214
3486.0,4018.98,4022.651832172155,4028.2457379753446,3982.8460543222245
3491.0,4023.32,4024.7003169026,4029.3441610325335,3987.379816325723
3496.0,4027.66,4023.465490493295,4029.1184868537384,4006.863510261038
3501.0,4032.0,4034.126713945688,4035.7811277391147,4029.045883416737
3506.0,4036.34,4032.61831558809,4024.5046545395085,4050.798985903457
3511.0,4040.68,4041.6136994917206,4025.380475914716,4067.04456555937
3516.0,4045.03,4046.2315641355044,4048.4918651740063,4066.345063034752
3521.0,4049.38,4049.8937860388205,4030.1305374403446,4069.025770891806
3526.0,4053.72,4058.3069137323414,4037.5448383839584,4048.8407456065233
3531.0,4058.07,4054.47878072436,4044.8130375966825,4060.7855501838085
3536.0,4062.42,4059.5557389629366,4052.4551651170723,4064.4637098998655
3541.0,4066.78,4069.706367356571,4053.641486649807,4098.569108257702
3546.0,4071.13,4067.7620350589864,4068.8038668501536,4119.585105102491
3551.0,4075.49,4072.9789429792745,4095.0826953427236,4086.288287575414
3556.0,4079.85,4082.460247465737,4071.7634815930637,4035.1367178630853
3561.0,4084.2,4082.7581399306027,4067.412231774645,4067.9665388415065
3566.0,4088.56,4090.677882445826,4094.9380813609314,4132.886802475598
3571.0,4092.93,4091.578903639244,4112.605490864649,4131.895469560085
3576.0,4097.29,4098.495294174459,4084.786259461166,4078.119677419302
3581.0,4101.65,4105.049851610885,4103.882030186622,4105.281497818922
3586.0,4106.02,4107.640678750149,4086.092832080788,4101.179307437151
3591.0,4110.39,4107.027935270469,4116.42845589813,4061.4016288652206
3596.0,4114.76,4113.914882303702,4108.423776636644,4080.1698689141617
3601.0,4119.13,4123.379908349937,4122.226138052357,4124.984087058386
3606.0,4123.5,4121.974847069433,4115.044917036396,4163.675725863728
3611.0,4127.87,4129.174314065271,4139.330732287655,4148.1300477530895
3616.0,4132.25,4127.381711403761,4147.532021023055,4147.445570785348
3621.0,4136.62,4131.697881946831,4145.832677654976,4140.472328908978
3626.0,4141.0,4144.973944049282,4121.677512179949,4156.974789599811
3631.0,4145.38,4150.100404454795,4163.747895504525,4110.348113190965
3636.0,4149.76,4151.160263357584,4169.360789546167,4189.147766970583
3641.0,4154.14,4151.642100592765,4135.98755343553,4196.3458083018795
3646.0,4158.52,4156.453159749076,4151.714448773073,4205.076540625537
3651.0,4162.91,4166.56568638931,4146.70141404953,4209.908765725069
3656.0,4167.29,4162.671961442817,4150.6414130982175,4162.350795862923
3661.0,4171.68,4173.129135168331,4164.42261851778,4143.165687733548
3666.0,4176.07,4172.583711547294,4167.287279230621,4212.080028743205
3671.0,4180.46,4181.930414015847,4188.7392626753135,4225.482067543025
3676.0,4184.85,4188.348552991825,4170.552065405953,4142.9937023504435
3681.0,4189.24,4191.54713042128,4170.361404509384,4194.37895985577
3686.0,4193.64,4191.140483370059,4189.015113646122,4225.187924537357
3691.0,4198.03,4195.495492691967,4186.107750508749,4220.232342281762
3696.0,4202.43,4197.849629979461,4211.760172343449,4227.034154377965
3701.0,4206.83,4203.896571058684,4203.595739737702,4230.573711192841
3706.0,4211.23,4211.182762673558,4215.413781725968,4254.650648892157
3711.0,4215.63,4220.254545956007,4223.698699870885,4192.022730028382
3716.0,4220.03,4216.567470056339,4224.753008173501,4189.461991120831
3721.0,4224.43,4228.491217524938,4205.3156902825185,4251.636046844709
3726.0,4228.84,4229.153960046008,4234.977431699935,4190.3052863044795
3731.0,4233.24,4233.762038176015,4238.100166621052,4221.540428685643
3736.0,4237.65,4237.277142395805,4227.069128142016,4236.579611391443
3741.0,4242.06,4241.03858228996,4222.354278840501,4222.15831296795
3746.0,4246.47,4247.139696538517,4259.902255310023,4242.1121607499235
3751.0,4250.88,4251.826709455867,4265.972950842379,4220.782263554568
3756.0,4255.3,4258.52209522279,4269.554846940596,4279.4015240712415
3761.0,4259.71,4263.513459145416,4247.647530721959,4309.052066741991
3766.0,4264.12,4261.004671044478,4267.588563027185,4254.004647032794
3771.0,4268.54,4270.042465646453,4251.979235652409,4230.121668773847
3776.0,4272.96,4277.205198071397,4285.741523236988,4232.555616185619
3781.0,4277.38,4272.6696620225575,4271.499447314038,4274.19820131062
3786.0,4281.8,4286.627229371273,4277.054026341873,4296.735445190134
3791.0,4286.22,4285.3192639368535,4284.153711728944,4318.2445639006355
3796.0,4290.64,4286.522485202861,4308.51100003083,4304.323793907063
3801.0,4295.07,4290.494263686262,4292.870556869504,4257.310545103923
3806.0,4299.49,4301.296572971095,4312.04744226283,4336.05518148599
3811.0,4303.92,4306.754417705745,4291.111648971551,4303.772978340784
3816.0,4308.35,4306.921608149269,4289.478087828319,4288.529805037171
3821.0,4312.78,4310.935274552301,4298.917781623613,4266.538112052529
3826.0,4317.21,4314.911064596393,4311.348955598811,4297.876854078108
3831.0,4321.64,4323.93014185649,4316.372409601444,4341.931743688601
3836.0,4326.07,4328.369275743653,4312.150551950777,4299.047261361513
3841.0,4330.51,4334.9078317577505,4333.482400788559,4285.765172239244
3846.0,4334.94,4330.987098796654,4338.54922208781,4311.13234734758
3851.0,4339.38,4340.116043427926,4319.420975761492,4303.234932190689
3856.0,4343.82,4345.981715561083,4349.038623054592,4301.870980289437
3861.0,4348.25,4349.265619168079,4341.511958411597,4308.447098766299
3866.0,4352.7,4352.286523568583,4360.146571371051,4303.444806908171
3871.0,4357.14,4358.265660626298,4361.304126729427,4314.245136888426
3876.0,4361.58,4357.919469723931,4355.387620349836,4397.879930237614
3881.0,4366.02,4365.113372379881,4376.5110347989585,4318.143980534714
3886.0,4370.47,4367.906614285969,4359.897782520139,4352.3334252812965
3891.0,4374.91,4379.024036461507,4374.4619497768235,4332.89012379598
3896.0,4379.36,4375.632593132157,4379.358828471617,4392.880257528336
3901.0,4383.81,4386.182969969693,4391.694841592799,4355.332789438217
3906.0,4388.26,4390.410119868558,4401.464646714069,4357.894753175445
3911.0,4392.71,4392.308709950349,4412.229445621588,4392.707737407444
3916.0,4397.16,4400.054590618905,4378.275342609054,4358.241998784121
3921.0,4401.62,4399.8397424017285,4403.408704241889,4439.432881831071
3926.0,4406.07,4410.543909397696,4398.055064708239,4399.307371932085
3931.0,4410.53,4407.029394528596,4402.64705082096,4371.371395652426
3936.0,4414.99,4415.283201319294,4405.081144051926,4437.533213434382
3941.0,4419.44,4420.3572863537765,4436.305494039265,4452.998444879385
3946.0,4423.9,4425.493270531536,4439.153969217096,4469.2743871643925
3951.0,4428.36,4428.002004645032,4434.722947123672,4419.754918632517
3956.0,4432.82,4431.933391771301,4446.713251167401,4390.290502865548
3961.0,4437.29,4437.748195742491,4455.092212471119,4443.06547849345
3966.0,4441.75,4442.8149227390195,4438.945959480157,4446.020857090039
3971.0,4446.22,4443.920585109517,4441.924113599784,4427.456774719619
3976.0,4450.68,4447.082697155366,4458.038337443077,4484.824953682519
3981.0,4455.15,4454.4547746077815,4456.155917095595,4451.47973494079
3986.0,4459.62,4457.115325845085,4449.578046430925,4462.630967936262
3991.0,4464.09,4466.266084395147,4458.327119636727,4500.010331829584
3996.0,4468.56,4464.981310304563,4479.786769291924,4456.177766921171
4001.0,4473.03,4477.867930884975,4475.338300822529,4452.956011528874
4006.0,4477.5,4479.811876930779,4464.617523966643,4467.962349161515
4011.0,4481.98,4486.333805268682,4487.6137271555,4482.03802519384
4016.0,4486.45,4484.649078859315,4478.708600750306,4535.18994463806
4021.0,4490.93,4487.324091818092,4503.9172616453225,4454.998064033715
4026.0,4495.41,4494.1131095231,4484.106508128535,4542.292652804369
4031.0,4499.88,4494.961757137927,4482.760435879491,4478.173820583128
4036.0,4504.36,4504.678850379006,4500.527590737799,4527.685584878696
4041.0,4508.84,4511.749124046445,4515.292876595722,4499.462300535329
4046.0,4513.33,4517.30001857109,4502.121255657654,4533.856141776466
4051.0,4517.81,4518.860025253877,4506.665165583806,4501.4996835492375
4056.0,4522.29,4523.830354183737,4523.000902184576,4480.808499163186
4061.0,4526.78,4527.024879610337,4508.514260558387,4500.027365746285
4066.0,4531.26,4531.394154990499,4511.620950627884,4520.425678452919
4071.0,4535.75,4536.77666343228,4549.1783269456655,4515.618279727624
4076.0,4540.24,4537.691085744363,4556.863686627663,4515.956985015442
4081.0,4544.73,4540.998133849848,4552.1728380581835,4553.685591734177
4086.0,4549.22,4549.909147433056,4558.167187375529,4571.638186421299
4091.0,4553.71,4549.928500769954,4555.899605787577,4533.155427744638
4096.0,4558.2,4556.540423142687,4546.389331509595,4534.271793809897
4101.0,4562.7,4559.383314234104,4543.87663547901,4578.151209233439
4106.0,4567.19,4564.050824295471,4555.261966170944,4594.299303203735
4111.0,4571.69,4572.265658281317,4576.755830047396,4588.54229222819
4116.0,4576.18,4578.120466065989,4589.26769077724,4611.787453994027
4121.0,4580.68,4576.169568869162,4585.049250399853,4549.324147263714
4126.0,4585.18,4585.83712389078,4598.968548319582,4583.8155933789
4131.0,4589.68,4589.126442441548,4569.689380420764,4618.268705881665
4136.0,4594.18,4590.741858349016,4606.9452135371,4596.6072712060395
4141.0,4598.68,4599.419359392507,4590.056224505701,4645.547097683034
4146.0,4603.19,4607.532500077751,4607.526120171695,4579.570357252561
4151.0,4607.69,4606.204691863293,4615.290634033256,4655.955419563381
4156.0,4612.19,4607.665118989851,4612.11241424726,4600.43750610294
4161.0,4616.7,4615.719899625043,4600.83061360192,4646.527483789975
4166.0,4621.21,4617.972540326834,4624.285738870161,4631.921712803799
4171.0,4625.72,4625.134530271514,4632.542016709321,4583.204433743172
4176.0,4630.22,4632.367771741203,4619.0357151929375,4640.886338437916
4181.0,4634.73,4635.490413022706,4624.718584616791,4585.934851454266
4186.0,4639.25,4635.423034949078,4658.111617837047,4632.189300223197
4191.0,4643.76,4647.57787826295,4654.185295793827,4670.43306325891
4196.0,4648.27,4646.414830113899,4665.192240646692,4639.378458772897
4201.0,4652.78,4655.867309012234,4653.20498419438,4616.838106278615
4206.0,4657.3,4654.193746483986,4655.028375333788,4635.128618726038
4211.0,4661.82,4665.94796079012,4642.047806024578,4694.248699163606
4216.0,4666.33,4667.464957560041,4679.447711760567,4712.62619213928
4221.0,4670.85,4668.356031522092,4652.877814499169,4718.685930114101
4226.0,4675.37,4678.580648043743,4658.621409562345,4716.239624665513
4231.0,4679.89,4676.077442524576,4698.2273596897785,4729.63771426566
4236.0,4684.41,4683.926893799479,4682.279147900895,4712.7932996542495
4241.0,4688.93,4685.112463703476,4707.709690972055,4653.717636788309
4246.0,4693.45,4691.941413396751,4703.614150827256,4652.918927928282
4251.0,4697.98,4695.602712690069,4717.699667114859,4686.683301286823
4256.0,4702.5,4705.190496108293,4717.545652427647,4673.047692266117
4261.0,4707.03,4710.058420614565,4692.933351335549,4668.980582242575
4266.0,4711.56,4712.017454660053,4698.352491208602,4700.142533902858
4271.0,4716.08,4720.6762283387425,4710.766140896592,4691.78350261535
4276.0,4720.61,4722.554017809986,4713.412108903789,4701.484513031918
4281.0,4725.14,4729.304896860584,4715.727398596987,4737.784207226292
4286.0,4729.67,4734.641825940078,4726.263256859461,4746.698781705141
4291.0,4734.2,4734.0267213990755,4720.994033863644,4703.60202764519
4296.0,4738.74,4735.054006440034,4751.332187464073,4736.511118992293
4301.0,4743.27,4739.913381343549,4746.967490486253,4741.799676487628
4306.0,4747.8,4748.35581763297,4755.360145384799,4788.618715718574
4311.0,4752.34,4748.102459440752,4754.654913443521,4702.990924396929
4316.0,4756.87,4757.466471357643,4747.588623622171,4731.810748627931
4321.0,4761.41,4765.959688199242,4750.5272683956755,4811.207960047153
4326.0,4765.95,4770.08809004634,4766.437130584275,4740.263888921639
4331.0,4770.49,4769.245646671455,4782.331537930663,4805.065536603606
4336.0,4775.03,4773.977737504703,4760.960287322378,4778.131717569128
4341.0,4779.57,4777.36639658633,4793.222375362324,4766.498137758043
4346.0,4784.11,4779.378706880333,4797.165871795819,4822.979118680443
4351.0,4788.65,4791.636436809233,4791.417270099392,4809.568592176884
4356.0,4793.2,4790.4106646864975,4792.627127024654,4792.374208763659
4361.0,4797.74,4798.769129726487,4808.209970577026,4840.451607046807
4366.0,4802.29,4803.486442318256,4788.730260064276,4824.130505318442
4371.0,4806.83,4803.552923575934,4820.116220422489,4833.071705633956
4376.0,4811.38,4811.616681943763,4801.615631188031,4812.9468782499935
4381.0,4815.93,4814.058547097918,4808.765217452799,4803.796792116284
4386.0,4820.48,4819.291257029517,4815.077760825978,4806.9165920808655
4391.0,4825.03,4823.308864370394,4809.2563755113515,4853.418911983594
4396.0,4829.58,4826.62634597274,4838.849028085571,4832.060595953665
4401.0,4834.13,4835.91406356998,4846.575288536851,4871.702817962138
4406.0,4838.68,4840.174849504545,4832.323811028545,4873.543215443295
4411.0,4843.23,4847.9737826747705,4847.672029537956,4843.038352451697
4416.0,4847.79,4844.470903927637,4867.277981859507,4872.596861338359
4421.0,4852.34,4849.886944788715,4840.290475623561,4831.969564376346
4426.0,4856.9,4856.3007057671075,4866.582058716706,4840.460288095945
4431.0,4861.46,4864.670486115932,4880.115897332527,4873.354547134989
4436.0,4866.01,4867.054604191964,4863.439126918523,4878.2435632134075
4441.0,4870.57,4868.209581633638,4884.8610757332635,4908.275410634928
4446.0,4875.13,4875.7310863854755,4883.319819683283,4875.181389921097
4451.0,4879.69,4881.502927163696,4873.245357706488,4837.145164893197
4456.0,4884.25,4882.172263517194,4867.220332532295,4930.83090328454
4461.0,4888.82,4890.424368593382,4871.087772830018,4854.0828550652195
4466.0,4893.38,4891.2719066182935,4889.914674038035,4869.404658084024
4471.0,4897.94,4894.352725179441,4916.551331678306,4860.662551913085
4476.0,4902.51,4900.188865448117,4922.06316141561,4938.685474134985
4481.0,4907.07,4905.689771636092,4917.372306692879,4864.326153938628
4486.0,4911.64,4913.477477970515,4915.064696879065,4882.376217969699
4491.0,4916.21,4914.445556120529,4928.712357581288,4960.231747310558
4496.0,4920.77,4921.677730949103,4926.954541472633,4954.000616124746
4501.0,4925.34,4925.332793540929,4921.974274890667,4892.913992324335
4506.0,4929.91,4934.775598724008,4944.981372322304,4882.584955782953
4511.0,4934.48,4932.6390121751565,4948.670502580821,4941.753042070204
4516.0,4939.05,4940.541068806041,4944.441230745061,4975.786378505329
4521.0,4943.63,4943.586199490051,4923.868979353905,4974.084093386772
4526.0,4948.2,4952.089494033677,4955.770805776826,4943.850151365968
4531.0,4952.77,4957.461417981188,4972.379797856056,4943.718639479127
4536.0,4957.35,4957.521473403824,4955.252230916432,4977.622513952487
4541.0,4961.92,4960.3754977128565,4954.46029664879,4965.645647249359
4546.0,4966.5,4966.536622777681,4984.985418394523,5014.561115834464
4551.0,4971.08,4976.03648701089,4951.671959827951,4985.999281445121
4556.0,4975.65,4973.455212326122,4980.835849765492,4967.093097692813
4561.0,4980.23,4981.33481339859,4989.761607623824,4960.969248619562
4566.0,4984.81,4988.415384496495,4972.644852653957,4975.89066200441
4571.0,4989.39,4990.601585253597,4981.458202141498,5008.208197167989
4576.0,4993.97,4998.94790385578,4989.039687934873,5035.261597342422
4581.0,4998.56,4997.482436581798,4993.766879540871,4954.78304193459
4586.0,5003.14,5003.489272469673,4992.821405817212,5035.971858555127
4591.0,5007.72,5007.297767662974,5024.4700432335385,4961.836068810293
4596.0,5012.31,5007.92045288425,5015.833383199629,4990.400238404909
4601.0,5016.89,5020.715960148026,4999.1330741727625,4995.947578531303
4606.0,5021.48,5023.08404152354,5011.7018425618235,4972.840193211326
4611.0,5026.06,5028.807636152828,5039.46602263156,5060.1021851532005
4616.0,5030.65,5027.2178807484515,5037.935514097825,4990.957804829757
4621.0,5035.24,5030.413571429136,5019.904093680005,5017.33088416883
4626.0,5039.83,5035.456964566254,5046.604027321708,5039.130937811034
4631.0,5044.42,5048.882466176256,5049.935358884783,5089.223272190946
4636.0,5049.01,5052.115949358004,5036.377606175154,5097.3550700210235
4641.0,5053.6,5051.4821968126735,5053.355566544994,5099.219081861682
4646.0,5058.19,5058.998277361959,5042.463353483151,5075.804145116938
4651.0,5062.79,5063.302930070167,5074.283601034369,5043.032991940651
4656.0,5067.38,5068.63024250599,5079.949787008558,5051.167263110363
4661.0,5071.97,5075.804838726358,5064.758806982787,5099.006854323717
4666.0,5076.57,5079.713420473008,5088.440537862742,5051.177358328769
4671.0,5081.17,5080.088146345544,5097.019409485474,5061.321425324516
4676.0,5085.76,5088.6596382012185,5090.75414504191,5064.218113160438
4681.0,5090.36,5085.768590660862,5098.511372272137,5064.775905916761
4686.0,5094.96,5095.480704460497,5086.908876826277,5144.648807776103
4691.0,5099.56,5100.3356666572545,5112.105662835389,5129.435313253036
4696.0,5104.16,5101.740868082798,5110.303467725887,5057.630177102185
4701.0,5108.76,5111.771449041243,5123.030686070846,5145.158549324105
4706.0,5113.36,5118.342542334988,5100.71566029394,5132.251477064631
4711.0,5117.96,5121.010405949246,5115.462139540211,5133.656223815476
4716.0,5122.56,5118.913125101859,5125.1045453711195,5133.311302418851
4721.0,5127.17,5124.680188912893,5134.426267097345,5111.967339438331
4726.0,5131.77,5132.929404738807,5141.638972838349,5102.951100966491
4731.0,5136.38,5131.663413575342,5122.971098261825,5163.015187470748
4736.0,5140.98,5139.351448829274,5154.916820425489,5187.167246084616
4741.0,5145.59,5148.953202726187,5135.065162236806,5125.260744259221
4746.0,5150.2,5154.754173319766,5164.097682022812,5141.108845512055
4751.0,5154.8,5158.651771211567,5163.441137200274,5203.708820007842
4756.0,5159.41,5158.474882862958,5154.3287225359845,5183.965619362181
4761.0,5164.02,5163.161351363786,5148.334247854156,5193.418561542415
4766.0,5168.63,5165.90057849134,5172.768994436893,5151.121985926081
4771.0,5173.24,5173.238792169298,5183.118773929633,5187.443265098954
4776.0,5177.85,5178.620159820419,5170.395576230373,5209.686483564215
4781.0,5182.47,5181.396509087126,5189.6421203512955,5212.879860877981
4786.0,5187.08,5188.212929978591,5201.474488768578,5175.583674041584
4791.0,5191.69,5193.069095379225,5178.5912514301,5228.938783187638
4796.0,5196.31,5198.293943895432,5214.03454028923,5196.580074357421
4801.0,5200.92,5201.741629384191,5206.1823682491995,5213.64003541157
4806.0,5205.54,5204.475355996803,5192.512127147762,5167.3654399963325
4811.0,5210.16,5211.486007233964,5209.848138376938,5222.029175334064
4816.0,5214.77,5214.92641778815,5202.123611436501,5180.462311437223
4821.0,5219.39,5216.87779815299,5224.4890669485685,5187.702489371045
4826.0,5224.01,5227.7972919359345,5222.088296596405,5220.373783348976
4831.0,5228.63,5224.079142905057,5232.953363036787,5256.376604021051
4836.0,5233.25,5228.396271278496,5230.253262306097,5198.46387297942
4841.0,5237.87,5236.11288081052,5224.44442044975,5237.524400035344
4846.0,5242.49,5246.677963435066,5236.82049179436,5241.544864648311
4851.0,5247.11,5248.617908865894,5254.12335443834,5269.693884467842
4856.0,5251.74,5247.831914027542,5262.2808699774405,5267.958796411541
4861.0,5256.36,5259.173010626568,5272.687513611687,5251.62487577984
4866.0,5260.98,5259.546138963318,5249.977820900797,5259.458929321197
4871.0,5265.61,5261.392051049968,5262.261071499838,5261.772600154791
4876.0,5270.23,5273.755998788196,5273.679640883852,5305.173705923136
4881.0,5274.86,5278.182307441423,5275.502214466825,5293.117758369241
4886.0,5279.49,5277.0524273000965,5273.293070441139,5311.868796251418
4891.0,5284.12,5281.493275920866,5266.7097183856795,5268.1068905759375
4896.0,5288.74,5289.810108747295,5279.43529945995,5243.298937256536
4901.0,5293.37,5296.907854466159,5312.771336365157,5275.530223670289
4906.0,5298.0,5293.309922103319,5291.0966372532475,5335.7243701211955
4911.0,5302.63,5303.652353897379,5310.084037633681,5321.39913392191
4916.0,5307.26,5304.253727500555,5315.105381507814,5295.967978043675
4921.0,5311.9,5314.656103385063,5329.563203301219,5297.962212971412
4926.0,5316.53,5318.915007942232,5318.469191209423,5299.217799747778
4931.0,5321.16,5320.274003929286,5302.891118757271,5319.115154444485
4936.0,5325.8,5321.106375607158,5321.547529124234,5282.671813473898
4941.0,5330.43,5326.453516733641,5310.645860010963,5318.7106918640775
4946.0,5335.06,5338.013654801812,5343.166487390034,5365.051561056127
4951.0,5339.7,5344.267259176001,5337.246737761684,5364.502983433352
4956.0,5344.34,5343.214064228926,5328.764732871816,5387.049875965524
4961.0,5348.97,5351.598400452782,5345.973206737253,5363.196551212732
4966.0,5353.61,5350.539547694965,5333.86633634284,5359.17441831723
4971.0,5358.25,5356.521889597559,5341.697276025741,5357.470638748685
4976.0,5362.89,5366.200981347999,5343.837064127203,5358.579538975632
4981.0,5367.53,5368.512515209514,5371.136408744392,5387.570971882951
4986.0,5372.17,5376.858913620078,5382.644267671866,5337.457825913363
4991.0,5376.81,5374.441861767521,5376.981379865018,5379.444753411565
4996.0,5381.45,5381.544591115709,5400.340960434649,5391.301156193526
5001.0,5386.09,5386.220199663171,5397.092987414054,5354.911916963334
