x,original_hypotenuse,hypotenuse_salted_small,smoothed_hypotenuse1,smoothed_hypotenuse2,smoothed_hypotenuse3,smoothed_hypotenuse4,smoothed_hypotenuse5
1.000,2000.000,2001.392,2001.955,2001.336,2001.329,2001.327,2001.332
6.000,2000.010,2003.520,2000.960,2001.307,2001.322,2001.330,2001.333
11.000,2000.030,1998.298,2001.022,2001.292,2001.323,2001.333,2001.333
16.000,2000.060,2004.611,2001.408,2001.382,2001.335,2001.336,2001.334
21.000,2000.110,1996.979,2001.189,2001.291,2001.340,2001.337,2001.335
26.000,2000.170,2001.328,2001.217,2001.332,2001.347,2001.337,2001.335
31.000,2000.240,2003.730,2001.926,2001.403,2001.355,2001.337,2001.335
36.000,2000.320,1999.854,2001.315,2001.375,2001.336,2001.334,2001.335
41.000,2000.420,2003.719,2001.248,2001.353,2001.321,2001.331,2001.338
46.000,2000.530,2003.258,2001.521,2001.351,2001.322,2001.333,2001.347
51.000,2000.650,2000.340,2001.208,2001.244,2001.313,2001.340,2001.361
56.000,2000.780,1996.508,2001.038,2001.190,2001.322,2001.359,2001.383
61.000,2000.930,2003.237,2001.200,2001.340,2001.359,2001.394,2001.415
66.000,2001.090,2001.538,2001.177,2001.342,2001.405,2001.436,2001.455
71.000,2001.260,1998.665,2000.938,2001.432,2001.474,2001.489,2001.503
76.000,2001.440,2004.854,2002.298,2001.616,2001.564,2001.550,2001.560
81.000,2001.640,2003.095,2001.537,2001.668,2001.618,2001.613,2001.623
86.000,2001.850,1998.672,2001.835,2001.728,2001.685,2001.680,2001.697
91.000,2002.070,2006.023,2002.329,2001.822,2001.749,2001.755,2001.784
96.000,2002.300,1997.910,2001.565,2001.716,2001.797,2001.840,2001.888
101.000,2002.550,2003.622,2001.594,2001.814,2001.875,2001.953,2002.015
106.000,2002.810,2002.127,2001.594,2001.880,2001.995,2002.096,2002.172
111.000,2003.080,1999.503,2001.561,2001.953,2002.161,2002.278,2002.363
116.000,2003.360,2003.304,2002.217,2002.214,2002.406,2002.506,2002.590
121.000,2003.660,1998.671,2002.303,2002.563,2002.689,2002.778,2002.853
126.000,2003.970,2005.791,2002.838,2002.983,2003.022,2003.089,2003.151
131.000,2004.290,2002.499,2003.389,2003.438,2003.391,2003.432,2003.478
136.000,2004.620,2004.223,2004.043,2003.793,2003.783,2003.794,2003.833
141.000,2004.960,2005.871,2004.531,2004.212,2004.173,2004.176,2004.210
146.000,2005.320,2003.364,2004.745,2004.534,2004.560,2004.573,2004.607
151.000,2005.690,2007.881,2004.705,2004.961,2004.941,2004.988,2005.022
156.000,2006.070,2002.087,2005.232,2005.292,2005.361,2005.417,2005.458
161.000,2006.470,2007.290,2005.092,2005.689,2005.804,2005.868,2005.912
166.000,2006.880,2002.215,2006.378,2006.105,2006.291,2006.341,2006.383
171.000,2007.300,2007.913,2006.358,2006.736,2006.792,2006.841,2006.869
176.000,2007.730,2004.896,2007.310,2007.312,2007.325,2007.354,2007.367
181.000,2008.170,2012.365,2007.656,2007.942,2007.876,2007.872,2007.874
186.000,2008.630,2007.743,2009.126,2008.467,2008.440,2008.389,2008.386
191.000,2009.100,2008.752,2009.263,2009.027,2008.948,2008.905,2008.899
196.000,2009.580,2009.712,2009.500,2009.545,2009.430,2009.416,2009.415
201.000,2010.070,2012.499,2010.056,2010.051,2009.912,2009.925,2009.937
206.000,2010.580,2008.876,2010.275,2010.291,2010.400,2010.434,2010.471
211.000,2011.100,2006.555,2010.939,2010.689,2010.905,2010.964,2011.021
216.000,2011.630,2016.257,2011.202,2011.314,2011.439,2011.529,2011.592
221.000,2012.170,2009.275,2010.800,2011.884,2012.003,2012.125,2012.188
226.000,2012.730,2013.400,2012.051,2012.561,2012.662,2012.754,2012.811
231.000,2013.300,2011.549,2013.873,2013.280,2013.380,2013.413,2013.458
236.000,2013.880,2009.687,2014.050,2014.004,2014.085,2014.095,2014.123
241.000,2014.470,2017.637,2015.013,2014.903,2014.803,2014.795,2014.801
246.000,2015.070,2019.309,2015.971,2015.711,2015.518,2015.495,2015.488
251.000,2015.690,2017.489,2016.268,2016.254,2016.214,2016.185,2016.178
256.000,2016.320,2016.022,2017.091,2016.905,2016.904,2016.872,2016.871
261.000,2016.960,2020.102,2017.710,2017.569,2017.564,2017.558,2017.566
266.000,2017.610,2013.632,2017.671,2018.151,2018.207,2018.246,2018.266
271.000,2018.280,2015.448,2018.612,2018.835,2018.895,2018.945,2018.975
276.000,2018.950,2021.964,2019.661,2019.522,2019.606,2019.659,2019.697
281.000,2019.640,2019.040,2020.040,2020.214,2020.336,2020.393,2020.433
286.000,2020.350,2024.076,2021.060,2021.072,2021.106,2021.153,2021.181
291.000,2021.060,2023.367,2021.896,2021.878,2021.897,2021.927,2021.937
296.000,2021.790,2022.751,2022.555,2022.678,2022.706,2022.707,2022.696
301.000,2022.520,2020.778,2023.681,2023.545,2023.526,2023.483,2023.448
306.000,2023.270,2021.299,2024.253,2024.372,2024.313,2024.239,2024.185
311.000,2024.040,2026.574,2025.263,2025.181,2025.065,2024.967,2024.902
316.000,2024.810,2026.922,2026.104,2025.955,2025.768,2025.659,2025.595
321.000,2025.600,2028.083,2026.851,2026.582,2026.401,2026.314,2026.267
326.000,2026.390,2030.437,2027.560,2027.140,2026.990,2026.942,2026.927
331.000,2027.210,2028.633,2027.974,2027.602,2027.550,2027.559,2027.587
336.000,2028.030,2026.010,2028.068,2027.972,2028.112,2028.187,2028.265
341.000,2028.860,2026.264,2028.159,2028.496,2028.707,2028.858,2028.976
346.000,2029.710,2029.466,2028.498,2029.105,2029.385,2029.591,2029.736
351.000,2030.570,2027.583,2028.696,2029.887,2030.165,2030.402,2030.557
356.000,2031.440,2028.719,2030.514,2030.749,2031.097,2031.293,2031.441
361.000,2032.320,2032.814,2031.829,2031.882,2032.121,2032.265,2032.383
366.000,2033.210,2030.013,2033.447,2033.067,2033.226,2033.300,2033.371
371.000,2034.120,2038.735,2034.104,2034.490,2034.350,2034.375,2034.388
376.000,2035.040,2035.469,2036.085,2035.665,2035.511,2035.453,2035.416
381.000,2035.970,2040.793,2036.793,2036.839,2036.629,2036.509,2036.433
386.000,2036.910,2032.183,2038.660,2037.758,2037.694,2037.521,2037.421
391.000,2037.860,2042.589,2038.738,2038.880,2038.640,2038.485,2038.369
396.000,2038.830,2037.771,2040.045,2039.702,2039.515,2039.384,2039.269
401.000,2039.800,2043.076,2039.881,2040.527,2040.311,2040.222,2040.125
406.000,2040.790,2039.282,2041.955,2041.107,2041.096,2041.005,2040.944
411.000,2041.790,2044.623,2041.843,2041.790,2041.802,2041.760,2041.732
416.000,2042.810,2039.642,2042.567,2042.414,2042.493,2042.501,2042.505
421.000,2043.830,2046.699,2042.720,2043.254,2043.181,2043.249,2043.277
426.000,2044.870,2041.805,2043.522,2043.816,2043.919,2044.004,2044.065
431.000,2045.910,2042.845,2044.412,2044.543,2044.707,2044.793,2044.882
436.000,2046.970,2044.143,2045.762,2045.345,2045.543,2045.628,2045.739
441.000,2048.040,2044.901,2045.886,2046.267,2046.386,2046.521,2046.646
446.000,2049.130,2050.851,2046.930,2047.309,2047.322,2047.478,2047.614
451.000,2050.220,2049.091,2048.182,2048.266,2048.336,2048.501,2048.652
456.000,2051.330,2047.568,2049.173,2049.157,2049.434,2049.596,2049.763
461.000,2052.440,2049.108,2050.821,2050.370,2050.619,2050.783,2050.950
466.000,2053.570,2051.614,2051.107,2051.639,2051.866,2052.055,2052.210
471.000,2054.710,2051.076,2052.001,2053.028,2053.211,2053.407,2053.539
476.000,2055.860,2056.439,2054.379,2054.564,2054.692,2054.828,2054.930
481.000,2057.030,2052.854,2055.813,2056.039,2056.223,2056.300,2056.365
486.000,2058.200,2055.350,2057.901,2057.682,2057.801,2057.808,2057.828
491.000,2059.390,2064.210,2059.927,2059.525,2059.385,2059.330,2059.299
496.000,2060.590,2059.149,2061.144,2061.081,2060.920,2060.830,2060.759
501.000,2061.800,2066.228,2062.612,2062.686,2062.423,2062.294,2062.193
506.000,2063.020,2065.258,2064.900,2064.117,2063.868,2063.703,2063.588
511.000,2064.250,2064.957,2065.271,2065.307,2065.194,2065.047,2064.935
516.000,2065.490,2063.131,2067.045,2066.562,2066.468,2066.337,2066.236
521.000,2066.750,2071.370,2067.924,2067.801,2067.660,2067.572,2067.493
526.000,2068.010,2066.803,2068.255,2068.804,2068.799,2068.763,2068.716
531.000,2069.290,2071.571,2069.929,2069.997,2069.943,2069.934,2069.917
536.000,2070.580,2072.377,2071.282,2071.033,2071.072,2071.094,2071.111
541.000,2071.880,2067.576,2071.925,2072.088,2072.205,2072.263,2072.311
546.000,2073.190,2076.674,2073.618,2073.313,2073.389,2073.460,2073.532
551.000,2074.510,2072.606,2074.300,2074.470,2074.587,2074.692,2074.784
556.000,2075.850,2075.872,2075.308,2075.729,2075.845,2075.973,2076.078
561.000,2077.190,2078.654,2076.828,2077.095,2077.176,2077.310,2077.418
566.000,2078.550,2076.345,2078.024,2078.384,2078.569,2078.699,2078.807
571.000,2079.910,2079.431,2080.097,2079.837,2080.043,2080.147,2080.244
576.000,2081.290,2078.214,2081.487,2081.404,2081.561,2081.646,2081.721
581.000,2082.680,2085.049,2082.642,2083.066,2083.115,2083.184,2083.230
586.000,2084.080,2087.115,2084.471,2084.788,2084.723,2084.746,2084.760
591.000,2085.490,2085.599,2086.278,2086.353,2086.338,2086.312,2086.299
596.000,2086.920,2086.741,2088.463,2087.971,2087.940,2087.871,2087.834
601.000,2088.350,2089.148,2090.077,2089.640,2089.505,2089.412,2089.355
606.000,2089.790,2092.080,2091.054,2091.146,2091.003,2090.919,2090.854
611.000,2091.250,2093.509,2092.813,2092.619,2092.476,2092.391,2092.329
616.000,2092.710,2096.350,2094.323,2094.019,2093.899,2093.830,2093.782
621.000,2094.190,2093.953,2095.011,2095.273,2095.272,2095.241,2095.216
626.000,2095.680,2097.908,2096.590,2096.666,2096.642,2096.642,2096.639
631.000,2097.180,2097.312,2098.262,2097.932,2098.012,2098.038,2098.063
636.000,2098.690,2093.964,2098.859,2099.250,2099.383,2099.448,2099.496
641.000,2100.210,2103.130,2100.808,2100.738,2100.808,2100.885,2100.948
646.000,2101.740,2105.216,2101.671,2102.204,2102.252,2102.355,2102.427
651.000,2103.280,2100.527,2103.549,2103.621,2103.765,2103.861,2103.937
656.000,2104.840,2107.598,2105.431,2105.246,2105.335,2105.409,2105.479
661.000,2106.400,2103.954,2106.847,2106.771,2106.931,2106.990,2107.052
666.000,2107.970,2110.454,2108.182,2108.523,2108.556,2108.608,2108.652
671.000,2109.560,2107.139,2110.234,2110.245,2110.214,2110.248,2110.272
676.000,2111.160,2113.044,2111.484,2111.907,2111.880,2111.897,2111.905
681.000,2112.760,2114.559,2113.933,2113.578,2113.573,2113.550,2113.546
686.000,2114.380,2114.886,2115.606,2115.227,2115.244,2115.200,2115.187
691.000,2116.010,2116.349,2117.060,2116.905,2116.880,2116.844,2116.823
696.000,2117.640,2121.097,2118.550,2118.622,2118.504,2118.478,2118.452
701.000,2119.290,2122.165,2119.726,2120.225,2120.107,2120.095,2120.074
706.000,2120.950,2117.322,2121.979,2121.693,2121.720,2121.699,2121.691
711.000,2122.620,2123.475,2123.503,2123.278,2123.316,2123.300,2123.304
716.000,2124.300,2122.788,2125.149,2124.798,2124.893,2124.903,2124.919
721.000,2125.990,2130.660,2125.880,2126.519,2126.471,2126.517,2126.539
726.000,2127.690,2127.013,2128.157,2128.076,2128.086,2128.141,2128.169
731.000,2129.400,2132.623,2129.191,2129.665,2129.724,2129.777,2129.813
736.000,2131.130,2127.282,2131.775,2131.267,2131.410,2131.434,2131.474
741.000,2132.860,2133.256,2132.874,2133.002,2133.083,2133.112,2133.149
746.000,2134.600,2130.717,2134.630,2134.743,2134.774,2134.810,2134.842
751.000,2136.350,2140.872,2136.359,2136.602,2136.490,2136.524,2136.552
756.000,2138.120,2138.352,2138.026,2138.224,2138.219,2138.247,2138.280
761.000,2139.890,2139.308,2140.344,2139.913,2139.970,2139.988,2140.027
766.000,2141.670,2144.725,2142.207,2141.682,2141.722,2141.750,2141.790
771.000,2143.460,2138.952,2143.128,2143.369,2143.471,2143.532,2143.570
776.000,2145.270,2149.481,2144.695,2145.255,2145.269,2145.336,2145.368
781.000,2147.080,2143.758,2147.015,2147.013,2147.109,2147.154,2147.179
786.000,2148.910,2147.322,2148.167,2148.842,2148.961,2148.986,2149.000
791.000,2150.740,2149.318,2151.228,2150.811,2150.847,2150.829,2150.824
796.000,2152.580,2155.545,2152.648,2152.789,2152.700,2152.669,2152.644
801.000,2154.440,2152.793,2155.015,2154.650,2154.547,2154.494,2154.456
806.000,2156.300,2160.379,2156.907,2156.569,2156.372,2156.298,2156.257
811.000,2158.180,2159.420,2158.540,2158.228,2158.148,2158.076,2158.045
816.000,2160.060,2160.328,2160.042,2159.940,2159.883,2159.838,2159.824
821.000,2161.950,2160.561,2161.604,2161.620,2161.591,2161.592,2161.600
826.000,2163.860,2160.755,2162.839,2163.241,2163.288,2163.347,2163.384
831.000,2165.770,2166.056,2164.630,2164.933,2165.037,2165.121,2165.188
836.000,2167.690,2163.729,2166.780,2166.606,2166.827,2166.928,2167.023
841.000,2169.630,2169.020,2168.252,2168.448,2168.658,2168.786,2168.897
846.000,2171.570,2171.958,2170.387,2170.468,2170.562,2170.706,2170.817
851.000,2173.520,2175.381,2171.752,2172.471,2172.534,2172.681,2172.787
856.000,2175.490,2170.866,2174.493,2174.441,2174.600,2174.710,2174.806
861.000,2177.460,2175.699,2176.980,2176.565,2176.727,2176.790,2176.866
866.000,2179.440,2175.612,2178.651,2178.742,2178.862,2178.911,2178.958
871.000,2181.430,2182.914,2180.570,2181.066,2181.027,2181.058,2181.071
876.000,2183.430,2186.427,2183.120,2183.335,2183.218,2183.210,2183.195
881.000,2185.440,2183.655,2185.629,2185.413,2185.408,2185.349,2185.316
886.000,2187.460,2188.816,2188.021,2187.626,2187.562,2187.474,2187.425
891.000,2189.490,2188.714,2190.374,2189.780,2189.664,2189.572,2189.515
896.000,2191.530,2193.266,2191.528,2191.892,2191.704,2191.639,2191.584
901.000,2193.580,2192.355,2194.141,2193.823,2193.732,2193.675,2193.635
906.000,2195.640,2199.381,2195.646,2195.782,2195.716,2195.689,2195.672
911.000,2197.710,2194.511,2197.903,2197.610,2197.688,2197.693,2197.703
916.000,2199.790,2201.945,2199.148,2199.612,2199.656,2199.705,2199.736
921.000,2201.870,2199.350,2201.733,2201.513,2201.662,2201.732,2201.781
926.000,2203.970,2204.511,2203.168,2203.587,2203.691,2203.786,2203.844
931.000,2206.070,2201.985,2205.544,2205.664,2205.789,2205.872,2205.931
936.000,2208.190,2210.446,2207.453,2207.864,2207.919,2207.990,2208.039
941.000,2210.310,2209.425,2210.161,2209.990,2210.096,2210.133,2210.167
946.000,2212.450,2211.144,2212.443,2212.293,2212.291,2212.297,2212.309
951.000,2214.590,2215.307,2214.544,2214.524,2214.483,2214.464,2214.458
956.000,2216.740,2218.307,2216.618,2216.750,2216.664,2216.627,2216.608
961.000,2218.900,2220.488,2219.287,2218.949,2218.838,2218.779,2218.755
966.000,2221.070,2216.693,2221.165,2221.009,2220.956,2220.915,2220.897
971.000,2223.250,2224.965,2223.035,2223.135,2223.059,2223.041,2223.037
976.000,2225.440,2228.102,2225.554,2225.207,2225.161,2225.163,2225.180
981.000,2227.640,2224.294,2226.860,2227.120,2227.244,2227.289,2227.333
986.000,2229.840,2228.391,2229.423,2229.243,2229.365,2229.442,2229.505
991.000,2232.060,2235.943,2231.124,2231.464,2231.517,2231.628,2231.703
996.000,2234.280,2229.632,2232.683,2233.528,2233.724,2233.850,2233.935
1001.000,2236.520,2234.633,2236.026,2235.857,2236.022,2236.120,2236.201
1006.000,2238.760,2236.869,2238.577,2238.201,2238.360,2238.433,2238.500
1011.000,2241.010,2239.016,2240.004,2240.654,2240.715,2240.782,2240.825
1016.000,2243.270,2247.696,2243.163,2243.209,2243.136,2243.154,2243.170
1021.000,2245.540,2246.247,2245.830,2245.611,2245.555,2245.531,2245.526
1026.000,2247.820,2245.934,2248.295,2247.948,2247.959,2247.903,2247.883
1031.000,2250.100,2251.747,2250.567,2250.477,2250.330,2250.268,2250.234
1036.000,2252.400,2253.301,2252.840,2252.785,2252.661,2252.611,2252.576
1041.000,2254.700,2254.122,2254.934,2255.030,2254.966,2254.932,2254.909
1046.000,2257.010,2254.924,2257.707,2257.248,2257.271,2257.241,2257.235
1051.000,2259.340,2263.604,2259.319,2259.530,2259.532,2259.546,2259.558
1056.000,2261.670,2260.906,2261.550,2261.746,2261.808,2261.858,2261.886
1061.000,2264.010,2265.348,2263.817,2264.084,2264.118,2264.186,2264.226
1066.000,2266.350,2263.031,2266.541,2266.302,2266.468,2266.532,2266.583
1071.000,2268.710,2268.912,2268.351,2268.717,2268.841,2268.907,2268.960
1076.000,2271.070,2269.995,2271.303,2271.202,2271.265,2271.312,2271.356
1081.000,2273.450,2273.992,2273.236,2273.692,2273.689,2273.740,2273.770
1086.000,2275.830,2276.271,2276.221,2276.144,2276.162,2276.181,2276.198
1091.000,2278.220,2281.570,2278.942,2278.711,2278.645,2278.632,2278.637
1096.000,2280.620,2278.879,2281.250,2281.058,2281.112,2281.082,2281.078
1101.000,2283.020,2283.930,2283.704,2283.608,2283.557,2283.534,2283.516
1106.000,2285.440,2287.953,2286.319,2286.102,2285.997,2285.976,2285.946
1111.000,2287.860,2286.154,2287.732,2288.468,2288.411,2288.400,2288.365
1116.000,2290.300,2291.168,2291.090,2290.806,2290.855,2290.804,2290.770
1121.000,2292.740,2294.579,2293.678,2293.229,2293.256,2293.194,2293.157
1126.000,2295.190,2291.459,2295.503,2295.607,2295.609,2295.565,2295.525
1131.000,2297.640,2302.383,2297.619,2298.164,2297.946,2297.918,2297.876
1136.000,2300.110,2302.047,2300.662,2300.419,2300.283,2300.242,2300.215
1141.000,2302.580,2300.731,2302.964,2302.570,2302.596,2302.550,2302.546
1146.000,2305.060,2300.968,2305.629,2304.826,2304.883,2304.858,2304.875
1151.000,2307.550,2312.465,2306.881,2307.163,2307.123,2307.175,2307.211
1156.000,2310.050,2310.696,2308.733,2309.421,2309.409,2309.510,2309.566
1161.000,2312.560,2310.112,2311.297,2311.616,2311.765,2311.871,2311.949
1166.000,2315.070,2311.144,2313.973,2313.847,2314.170,2314.271,2314.366
1171.000,2317.590,2315.011,2316.472,2316.420,2316.627,2316.727,2316.820
1176.000,2320.120,2318.679,2318.326,2319.062,2319.119,2319.231,2319.313
1181.000,2322.660,2319.707,2321.248,2321.663,2321.681,2321.775,2321.848
1186.000,2325.210,2329.955,2324.890,2324.357,2324.314,2324.355,2324.421
1191.000,2327.760,2323.676,2327.227,2326.871,2326.940,2326.965,2327.030
1196.000,2330.330,2330.564,2329.505,2329.550,2329.572,2329.609,2329.671
1201.000,2332.900,2336.641,2332.832,2332.278,2332.234,2332.286,2332.345
1206.000,2335.470,2331.366,2334.069,2334.803,2334.893,2334.987,2335.047
1211.000,2338.060,2334.625,2337.077,2337.485,2337.630,2337.722,2337.778
1216.000,2340.650,2342.997,2340.345,2340.294,2340.417,2340.488,2340.529
1221.000,2343.250,2338.611,2342.564,2342.970,2343.226,2343.273,2343.293
1226.000,2345.860,2344.736,2346.005,2346.028,2346.084,2346.077,2346.059
1231.000,2348.480,2353.440,2349.167,2349.058,2348.933,2348.871,2348.814
1236.000,2351.110,2352.177,2351.564,2351.944,2351.732,2351.633,2351.545
1241.000,2353.740,2355.450,2355.475,2354.804,2354.516,2354.349,2354.244
1246.000,2356.380,2356.756,2358.288,2357.432,2357.187,2357.005,2356.905
1251.000,2359.030,2359.780,2360.546,2359.889,2359.754,2359.605,2359.530
1256.000,2361.680,2365.983,2362.585,2362.453,2362.236,2362.169,2362.128
1261.000,2364.340,2364.432,2364.399,2364.731,2364.674,2364.704,2364.716
1266.000,2367.010,2369.243,2366.365,2367.021,2367.139,2367.245,2367.312
1271.000,2369.690,2366.449,2369.515,2369.323,2369.677,2369.821,2369.935
1276.000,2372.380,2368.147,2371.419,2371.868,2372.264,2372.461,2372.599
1281.000,2375.070,2370.517,2374.321,2374.689,2374.971,2375.179,2375.313
1286.000,2377.770,2381.834,2376.656,2377.654,2377.783,2377.967,2378.082
1291.000,2380.480,2379.307,2380.400,2380.561,2380.719,2380.813,2380.900
1296.000,2383.190,2384.750,2384.149,2383.681,2383.698,2383.707,2383.756
1301.000,2385.920,2385.589,2387.119,2386.708,2386.659,2386.625,2386.635
1306.000,2388.650,2392.654,2389.861,2389.873,2389.597,2389.549,2389.525
1311.000,2391.380,2394.394,2393.257,2392.717,2392.523,2392.453,2392.415
1316.000,2394.130,2391.307,2395.516,2395.416,2395.393,2395.334,2395.294
1321.000,2396.880,2401.028,2398.810,2398.226,2398.250,2398.197,2398.156
1326.000,2399.640,2403.076,2400.309,2401.042,2401.050,2401.040,2400.995
1331.000,2402.410,2400.561,2403.040,2403.770,2403.866,2403.860,2403.808
1336.000,2405.180,2408.652,2406.786,2406.709,2406.698,2406.658,2406.592
1341.000,2407.960,2403.147,2409.574,2409.473,2409.500,2409.421,2409.340
1346.000,2410.750,2413.508,2412.354,2412.424,2412.263,2412.147,2412.048
1351.000,2413.550,2417.532,2416.087,2415.240,2414.980,2414.821,2414.713
1356.000,2416.350,2420.544,2418.159,2417.840,2417.593,2417.434,2417.336
1361.000,2419.160,2422.533,2420.970,2420.384,2420.132,2419.996,2419.922
1366.000,2421.970,2426.690,2422.750,2422.793,2422.579,2422.516,2422.483
1371.000,2424.800,2423.158,2424.988,2424.998,2424.993,2425.014,2425.037
1376.000,2427.630,2422.826,2427.379,2427.248,2427.429,2427.524,2427.605
1381.000,2430.470,2425.966,2429.221,2429.549,2429.904,2430.075,2430.207
1386.000,2433.310,2433.195,2431.517,2432.138,2432.467,2432.700,2432.859
1391.000,2436.160,2437.282,2433.912,2434.890,2435.162,2435.411,2435.575
1396.000,2439.020,2435.426,2437.079,2437.713,2437.994,2438.206,2438.358
1401.000,2441.880,2442.768,2440.871,2440.733,2440.952,2441.083,2441.205
1406.000,2444.760,2439.921,2444.251,2443.861,2443.968,2444.024,2444.104
1411.000,2447.640,2444.992,2447.142,2447.072,2446.998,2447.007,2447.041
1416.000,2450.520,2452.514,2450.359,2450.257,2450.039,2450.004,2450.003
1421.000,2453.410,2456.851,2453.412,2453.248,2453.056,2452.994,2452.978
1426.000,2456.310,2457.520,2456.395,2456.104,2456.039,2455.970,2455.957
1431.000,2459.220,2457.947,2459.369,2459.002,2458.975,2458.940,2458.938
1436.000,2462.130,2464.136,2461.809,2461.848,2461.881,2461.906,2461.923
1441.000,2465.050,2460.802,2464.240,2464.739,2464.805,2464.880,2464.916
1446.000,2467.980,2465.812,2467.431,2467.629,2467.783,2467.873,2467.925
1451.000,2470.910,2469.598,2470.282,2470.595,2470.803,2470.895,2470.950
1456.000,2473.850,2473.865,2473.647,2473.716,2473.877,2473.950,2473.992
1461.000,2476.800,2479.855,2476.627,2476.954,2476.986,2477.031,2477.044
1466.000,2479.750,2477.905,2480.133,2480.135,2480.128,2480.118,2480.097
1471.000,2482.710,2487.692,2483.653,2483.373,2483.270,2483.195,2483.140
1476.000,2485.670,2481.660,2486.909,2486.501,2486.368,2486.244,2486.160
1481.000,2488.650,2490.353,2489.698,2489.619,2489.390,2489.248,2489.146
1486.000,2491.630,2494.244,2492.944,2492.592,2492.347,2492.196,2492.095
1491.000,2494.610,2496.651,2495.548,2495.404,2495.216,2495.087,2495.007
1496.000,2497.600,2499.381,2498.453,2498.108,2498.016,2497.935,2497.891
1501.000,2500.600,2500.625,2500.938,2500.828,2500.764,2500.759,2500.760
1506.000,2503.600,2505.920,2503.339,2503.456,2503.510,2503.581,2503.635
1511.000,2506.620,2501.996,2505.839,2506.103,2506.302,2506.430,2506.537
1516.000,2509.630,2507.753,2508.734,2508.859,2509.160,2509.335,2509.484
1521.000,2512.660,2511.050,2511.344,2511.812,2512.098,2512.320,2512.492
1526.000,2515.690,2514.151,2514.072,2514.946,2515.157,2515.397,2515.573
1531.000,2518.720,2519.642,2517.745,2518.119,2518.352,2518.563,2518.729
1536.000,2521.760,2518.893,2521.613,2521.390,2521.663,2521.817,2521.957
1541.000,2524.810,2525.021,2525.274,2524.874,2525.049,2525.146,2525.241
1546.000,2527.870,2527.706,2528.051,2528.461,2528.465,2528.527,2528.564
1551.000,2530.930,2534.828,2531.633,2532.039,2531.934,2531.926,2531.906
1556.000,2534.000,2536.674,2535.729,2535.516,2535.405,2535.312,2535.241
1561.000,2537.070,2533.591,2539.183,2538.855,2538.818,2538.659,2538.547
1566.000,2540.150,2544.719,2542.793,2542.401,2542.147,2541.952,2541.805
1571.000,2543.230,2547.562,2545.946,2545.692,2545.364,2545.166,2545.002
1576.000,2546.330,2549.204,2548.648,2548.766,2548.478,2548.290,2548.133
1581.000,2549.420,2552.970,2552.871,2551.764,2551.520,2551.332,2551.200
1586.000,2552.530,2556.904,2554.673,2554.555,2554.428,2554.303,2554.212
1591.000,2555.640,2555.588,2557.244,2557.318,2557.274,2557.228,2557.185
1596.000,2558.750,2563.150,2560.169,2560.146,2560.110,2560.132,2560.138
1601.000,2561.870,2557.335,2562.334,2562.758,2562.944,2563.036,2563.091
1606.000,2565.000,2565.558,2565.283,2565.610,2565.839,2565.973,2566.062
1611.000,2568.140,2569.679,2568.447,2568.622,2568.809,2568.961,2569.066
1616.000,2571.280,2568.124,2571.157,2571.601,2571.848,2572.003,2572.108
1621.000,2574.420,2577.550,2574.634,2574.820,2574.989,2575.103,2575.192
1626.000,2577.570,2577.732,2578.330,2578.103,2578.191,2578.251,2578.310
1631.000,2580.730,2582.123,2581.023,2581.419,2581.403,2581.429,2581.454
1636.000,2583.890,2581.670,2584.869,2584.751,2584.646,2584.621,2584.613
1641.000,2587.060,2591.429,2588.260,2588.019,2587.871,2587.805,2587.776
1646.000,2590.230,2588.530,2591.660,2591.106,2591.056,2590.969,2590.932
1651.000,2593.410,2595.049,2594.483,2594.307,2594.188,2594.115,2594.079
1656.000,2596.600,2601.286,2597.512,2597.392,2597.279,2597.239,2597.215
1661.000,2599.790,2601.531,2599.935,2600.399,2600.341,2600.348,2600.346
1666.000,2602.990,2601.883,2603.428,2603.344,2603.425,2603.453,2603.481
1671.000,2606.190,2602.874,2606.468,2606.383,2606.515,2606.574,2606.629
1676.000,2609.400,2608.392,2609.307,2609.455,2609.631,2609.724,2609.798
1681.000,2612.620,2612.980,2612.277,2612.693,2612.796,2612.915,2612.995
1686.000,2615.840,2616.329,2615.758,2615.940,2616.034,2616.148,2616.227
1691.000,2619.060,2621.160,2619.011,2619.203,2619.327,2619.421,2619.490
1696.000,2622.290,2622.321,2622.600,2622.555,2622.677,2622.733,2622.779
1701.000,2625.530,2626.252,2626.158,2626.006,2626.053,2626.071,2626.083
1706.000,2628.770,2625.646,2629.308,2629.439,2629.432,2629.416,2629.390
1711.000,2632.020,2633.514,2632.769,2632.905,2632.810,2632.747,2632.685
1716.000,2635.270,2637.886,2636.440,2636.320,2636.163,2636.046,2635.954
1721.000,2638.530,2638.379,2639.788,2639.597,2639.447,2639.295,2639.185
1726.000,2641.790,2645.382,2643.269,2642.845,2642.649,2642.488,2642.368
1731.000,2645.060,2648.023,2646.510,2646.027,2645.767,2645.618,2645.502
1736.000,2648.340,2649.686,2649.094,2648.998,2648.800,2648.682,2648.590
1741.000,2651.620,2650.009,2652.048,2651.849,2651.782,2651.697,2651.643
1746.000,2654.900,2656.203,2655.041,2654.732,2654.716,2654.684,2654.673
1751.000,2658.200,2655.974,2657.235,2657.555,2657.614,2657.666,2657.697
1756.000,2661.490,2659.059,2659.748,2660.465,2660.549,2660.665,2660.733
1761.000,2664.790,2666.331,2663.450,2663.389,2663.563,2663.698,2663.799
1766.000,2668.100,2663.383,2666.266,2666.313,2666.640,2666.783,2666.906
1771.000,2671.410,2667.277,2669.468,2669.539,2669.793,2669.938,2670.060
1776.000,2674.730,2675.925,2672.515,2672.946,2673.014,2673.159,2673.264
1781.000,2678.050,2675.916,2675.510,2676.269,2676.310,2676.432,2676.516
1786.000,2681.380,2678.387,2679.819,2679.632,2679.696,2679.747,2679.811
1791.000,2684.710,2680.385,2683.597,2683.007,2683.096,2683.094,2683.136
1796.000,2688.050,2687.296,2686.707,2686.465,2686.473,2686.463,2686.483
1801.000,2691.390,2693.548,2689.805,2690.016,2689.847,2689.843,2689.844
1806.000,2694.740,2693.720,2693.096,2693.335,2693.220,2693.218,2693.214
1811.000,2698.100,2697.701,2696.721,2696.584,2696.597,2696.587,2696.589
1816.000,2701.450,2697.597,2700.368,2699.892,2699.973,2699.958,2699.968
1821.000,2704.820,2701.426,2703.049,2703.244,2703.319,2703.335,2703.349
1826.000,2708.190,2705.755,2706.345,2706.639,2706.678,2706.721,2706.735
1831.000,2711.560,2712.825,2709.862,2710.100,2710.069,2710.114,2710.128
1836.000,2714.940,2712.320,2713.270,2713.440,2713.487,2713.512,2713.530
1841.000,2718.320,2716.789,2716.862,2716.844,2716.921,2716.919,2716.941
1846.000,2721.710,2722.320,2720.946,2720.326,2720.353,2720.340,2720.360
1851.000,2725.110,2721.450,2723.748,2723.815,2723.754,2723.771,2723.791
1856.000,2728.500,2726.575,2726.873,2727.281,2727.172,2727.209,2727.237
1861.000,2731.910,2734.340,2730.724,2730.665,2730.622,2730.657,2730.705
1866.000,2735.320,2732.443,2734.281,2733.907,2734.087,2734.126,2734.199
1871.000,2738.730,2734.192,2737.533,2737.365,2737.556,2737.637,2737.725
1876.000,2742.150,2743.750,2740.550,2740.997,2741.057,2741.195,2741.289
1881.000,2745.570,2747.220,2743.639,2744.580,2744.636,2744.800,2744.895
1886.000,2749.000,2744.210,2747.957,2748.097,2748.327,2748.451,2748.544
1891.000,2752.430,2747.692,2752.295,2751.791,2752.081,2752.154,2752.228
1896.000,2755.870,2755.963,2755.807,2755.715,2755.853,2755.901,2755.935
1901.000,2759.310,2762.669,2758.896,2759.745,2759.649,2759.669,2759.653
1906.000,2762.760,2764.560,2763.392,2763.642,2763.476,2763.425,2763.364
1911.000,2766.210,2768.333,2768.019,2767.400,2767.286,2767.147,2767.051
1916.000,2769.670,2768.844,2771.848,2771.151,2771.011,2770.820,2770.695
1921.000,2773.130,2775.684,2775.239,2774.886,2774.622,2774.430,2774.286
1926.000,2776.590,2780.076,2778.602,2778.464,2778.134,2777.962,2777.818
1931.000,2780.060,2782.770,2782.062,2781.785,2781.566,2781.415,2781.294
1936.000,2783.540,2786.408,2785.042,2785.023,2784.913,2784.804,2784.720
1941.000,2787.020,2788.096,2788.435,2788.228,2788.202,2788.150,2788.108
1946.000,2790.500,2792.557,2791.270,2791.422,2791.456,2791.476,2791.474
1951.000,2793.990,2789.700,2794.507,2794.585,2794.734,2794.801,2794.836
1956.000,2797.490,2799.439,2797.677,2797.910,2798.046,2798.148,2798.208
1961.000,2800.990,2799.920,2800.958,2801.241,2801.416,2801.527,2801.600
1966.000,2804.490,2805.430,2804.209,2804.732,2804.842,2804.948,2805.018
1971.000,2808.000,2808.597,2808.312,2808.205,2808.336,2808.405,2808.462
1976.000,2811.510,2811.060,2811.755,2811.814,2811.860,2811.894,2811.928
1981.000,2815.020,2815.315,2815.703,2815.410,2815.401,2815.400,2815.409
1986.000,2818.550,2818.424,2818.825,2819.042,2818.933,2818.912,2818.895
1991.000,2822.070,2823.536,2822.935,2822.573,2822.467,2822.413,2822.378
1996.000,2825.600,2827.563,2826.132,2826.029,2825.963,2825.893,2825.849
2001.000,2829.130,2827.277,2829.633,2829.460,2829.425,2829.350,2829.303
2006.000,2832.670,2837.371,2833.026,2832.944,2832.840,2832.784,2832.737
2011.000,2836.220,2833.438,2835.948,2836.283,2836.225,2836.191,2836.153
2016.000,2839.760,2839.822,2839.720,2839.642,2839.600,2839.578,2839.554
2021.000,2843.320,2842.177,2843.212,2842.951,2842.965,2842.952,2842.945
2026.000,2846.870,2843.988,2846.310,2846.268,2846.319,2846.323,2846.332
2031.000,2850.430,2853.965,2849.646,2849.652,2849.674,2849.700,2849.720
2036.000,2854.000,2851.722,2852.796,2853.016,2853.043,2853.088,2853.115
2041.000,2857.570,2859.062,2856.242,2856.419,2856.437,2856.490,2856.523
2046.000,2861.140,2856.789,2859.635,2859.772,2859.863,2859.907,2859.946
2051.000,2864.720,2861.870,2863.274,2863.221,2863.315,2863.345,2863.389
2056.000,2868.300,2866.297,2867.031,2866.710,2866.778,2866.804,2866.854
2061.000,2871.880,2867.738,2869.782,2870.249,2870.241,2870.289,2870.344
2066.000,2875.470,2879.439,2873.789,2873.819,2873.738,2873.800,2873.865
2071.000,2879.070,2878.021,2877.216,2877.254,2877.260,2877.341,2877.423
2076.000,2882.670,2878.317,2881.020,2880.665,2880.826,2880.921,2881.025
2081.000,2886.270,2884.840,2884.623,2884.245,2884.441,2884.556,2884.674
2086.000,2889.880,2885.857,2887.320,2887.875,2888.101,2888.252,2888.376
2091.000,2893.490,2892.927,2890.905,2891.673,2891.842,2892.015,2892.130
2096.000,2897.100,2892.956,2894.845,2895.556,2895.683,2895.838,2895.934
2101.000,2900.720,2898.320,2899.194,2899.439,2899.610,2899.709,2899.781
2106.000,2904.350,2903.115,2903.805,2903.442,2903.599,2903.619,2903.657
2111.000,2907.980,2905.900,2908.197,2907.554,2907.588,2907.551,2907.548
2116.000,2911.610,2915.283,2911.809,2911.729,2911.543,2911.482,2911.436
2121.000,2915.240,2918.134,2915.342,2915.798,2915.468,2915.388,2915.310
2126.000,2918.880,2923.667,2919.686,2919.598,2919.365,2919.246,2919.159
2131.000,2922.530,2918.244,2924.073,2923.241,2923.205,2923.056,2922.976
2136.000,2926.170,2923.048,2927.672,2926.913,2926.951,2926.825,2926.758
2141.000,2929.830,2933.523,2930.410,2930.718,2930.606,2930.562,2930.510
2146.000,2933.480,2936.612,2933.694,2934.437,2934.252,2934.271,2934.242
2151.000,2937.140,2940.480,2937.515,2937.951,2937.926,2937.960,2937.965
2156.000,2940.810,2937.297,2941.978,2941.382,2941.630,2941.651,2941.690
2161.000,2944.470,2946.658,2945.717,2945.120,2945.327,2945.369,2945.423
2166.000,2948.140,2944.992,2948.667,2948.962,2949.028,2949.120,2949.170
2171.000,2951.820,2954.286,2951.690,2952.838,2952.786,2952.897,2952.936
2176.000,2955.500,2959.693,2956.581,2956.597,2956.636,2956.691,2956.721
2181.000,2959.180,2957.262,2960.584,2960.347,2960.510,2960.502,2960.515
2186.000,2962.870,2961.645,2964.646,2964.256,2964.364,2964.325,2964.306
2191.000,2966.560,2971.533,2968.291,2968.334,2968.187,2968.142,2968.084
2196.000,2970.260,2974.673,2971.973,2972.239,2972.002,2971.925,2971.840
2201.000,2973.950,2973.426,2976.026,2975.935,2975.789,2975.660,2975.563
2206.000,2977.660,2979.807,2980.237,2979.600,2979.504,2979.344,2979.247
2211.000,2981.360,2985.466,2983.917,2983.304,2983.121,2982.981,2982.888
2216.000,2985.070,2985.628,2986.454,2986.854,2986.652,2986.567,2986.493
2221.000,2988.790,2991.128,2990.304,2990.264,2990.156,2990.109,2990.071
2226.000,2992.500,2997.291,2994.217,2993.648,2993.643,2993.631,2993.637
2231.000,2996.220,2992.433,2996.821,2996.961,2997.102,2997.156,2997.204
2236.000,2999.950,3000.375,2999.900,3000.460,3000.587,3000.709,3000.789
2241.000,3003.680,3007.196,3003.922,3004.012,3004.157,3004.304,3004.407
2246.000,3007.410,3003.696,3007.112,3007.516,3007.795,3007.950,3008.069
2251.000,3011.150,3007.181,3010.943,3011.250,3011.521,3011.662,3011.779
2256.000,3014.890,3019.281,3015.174,3015.252,3015.320,3015.439,3015.537
2261.000,3018.630,3019.619,3018.739,3019.113,3019.169,3019.263,3019.339
2266.000,3022.380,3019.250,3022.961,3023.043,3023.086,3023.126,3023.178
2271.000,3026.130,3029.992,3027.915,3027.051,3027.025,3027.016,3027.042
2276.000,3029.880,3032.157,3030.949,3030.960,3030.926,3030.918,3030.919
2281.000,3033.640,3033.250,3034.619,3034.930,3034.836,3034.822,3034.799
2286.000,3037.400,3041.859,3038.999,3038.828,3038.752,3038.712,3038.670
2291.000,3041.160,3040.518,3042.534,3042.556,3042.634,3042.578,3042.520
2296.000,3044.930,3045.309,3046.529,3046.486,3046.498,3046.419,3046.341
2301.000,3048.700,3049.909,3050.251,3050.455,3050.312,3050.221,3050.124
2306.000,3052.480,3054.737,3054.014,3054.220,3054.085,3053.970,3053.863
2311.000,3056.260,3060.122,3058.457,3058.010,3057.816,3057.664,3057.558
2316.000,3060.040,3059.300,3062.402,3061.627,3061.453,3061.301,3061.208
2321.000,3063.830,3068.202,3065.355,3065.238,3064.993,3064.890,3064.822
2326.000,3067.620,3071.623,3069.061,3068.673,3068.493,3068.440,3068.415
2331.000,3071.410,3072.918,3071.850,3071.946,3071.957,3071.972,3072.003
2336.000,3075.210,3070.581,3075.525,3075.234,3075.432,3075.521,3075.607
2341.000,3079.010,3080.682,3078.065,3078.725,3078.936,3079.118,3079.246
2346.000,3082.810,3079.645,3081.366,3082.255,3082.541,3082.781,3082.939
2351.000,3086.620,3085.023,3085.418,3085.952,3086.292,3086.528,3086.698
2356.000,3090.430,3085.982,3089.791,3089.768,3090.174,3090.363,3090.526
2361.000,3094.240,3094.732,3093.768,3093.906,3094.138,3094.289,3094.418
2366.000,3098.060,3101.278,3097.733,3098.204,3098.180,3098.286,3098.364
2371.000,3101.880,3101.197,3102.238,3102.407,3102.282,3102.319,3102.348
2376.000,3105.700,3108.517,3107.030,3106.475,3106.417,3106.363,3106.352
2381.000,3109.530,3107.398,3111.455,3110.545,3110.515,3110.401,3110.354
2386.000,3113.360,3116.559,3114.833,3114.671,3114.527,3114.417,3114.337
2391.000,3117.190,3119.524,3118.270,3118.712,3118.480,3118.390,3118.287
2396.000,3121.030,3125.708,3122.257,3122.593,3122.406,3122.306,3122.197
2401.000,3124.870,3124.928,3126.614,3126.283,3126.287,3126.161,3126.063
2406.000,3128.710,3125.258,3130.527,3130.081,3130.097,3129.970,3129.881
2411.000,3132.560,3136.421,3134.198,3133.958,3133.826,3133.736,3133.654
2416.000,3136.410,3137.902,3137.282,3137.713,3137.504,3137.460,3137.390
2421.000,3140.260,3143.948,3141.420,3141.339,3141.186,3141.144,3141.098
2426.000,3144.120,3145.219,3145.411,3144.817,3144.848,3144.802,3144.787
2431.000,3147.980,3147.299,3148.539,3148.333,3148.470,3148.455,3148.465
2436.000,3151.840,3153.895,3151.997,3152.058,3152.076,3152.119,3152.142
2441.000,3155.710,3153.190,3154.871,3155.718,3155.705,3155.793,3155.828
2446.000,3159.580,3158.316,3158.809,3159.314,3159.396,3159.482,3159.534
2451.000,3163.450,3162.113,3163.363,3162.953,3163.152,3163.196,3163.265
2456.000,3167.320,3164.061,3167.037,3166.743,3166.906,3166.950,3167.023
2461.000,3171.200,3172.787,3170.580,3170.652,3170.668,3170.742,3170.813
2466.000,3175.080,3179.174,3174.012,3174.624,3174.473,3174.570,3174.640
2471.000,3178.970,3179.619,3178.527,3178.339,3178.348,3178.425,3178.510
2476.000,3182.860,3177.986,3182.236,3182.049,3182.252,3182.323,3182.422
2481.000,3186.750,3182.342,3186.614,3185.953,3186.190,3186.277,3186.376
2486.000,3190.640,3193.723,3189.370,3190.077,3190.140,3190.285,3190.369
2491.000,3194.540,3190.023,3193.004,3194.071,3194.190,3194.333,3194.399
2496.000,3198.440,3203.430,3197.909,3198.214,3198.342,3198.417,3198.455
2501.000,3202.340,3198.466,3202.880,3202.278,3202.532,3202.521,3202.521
2506.000,3206.250,3205.061,3206.483,3206.684,3206.688,3206.635,3206.576
2511.000,3210.160,3212.320,3211.241,3211.118,3210.835,3210.720,3210.602
2516.000,3214.070,3217.134,3215.061,3215.279,3214.921,3214.737,3214.582
2521.000,3217.990,3218.949,3220.212,3219.170,3218.936,3218.669,3218.501
2526.000,3221.910,3223.327,3224.042,3223.099,3222.783,3222.517,3222.351
2531.000,3225.830,3230.168,3227.035,3226.819,3226.466,3226.276,3226.132
2536.000,3229.750,3234.524,3230.118,3230.383,3230.055,3229.957,3229.859
2541.000,3233.680,3231.875,3233.986,3233.614,3233.621,3233.581,3233.549
2546.000,3237.610,3233.267,3237.281,3236.898,3237.146,3237.190,3237.224
2551.000,3241.540,3238.714,3240.008,3240.400,3240.691,3240.823,3240.906
2556.000,3245.480,3246.027,3242.830,3244.131,3244.303,3244.504,3244.616
2561.000,3249.420,3246.390,3247.027,3247.779,3248.047,3248.240,3248.372
2566.000,3253.360,3249.256,3251.550,3251.635,3251.896,3252.047,3252.184
2571.000,3257.310,3254.277,3256.238,3255.664,3255.822,3255.927,3256.055
2576.000,3261.250,3261.258,3259.520,3259.819,3259.771,3259.874,3259.986
2581.000,3265.200,3264.929,3264.273,3263.847,3263.796,3263.874,3263.975
2586.000,3269.160,3271.529,3268.207,3267.876,3267.854,3267.922,3268.019
2591.000,3273.110,3269.000,3271.919,3271.779,3271.934,3272.016,3272.112
2596.000,3277.070,3279.665,3275.220,3275.951,3276.045,3276.163,3276.248
2601.000,3281.040,3276.793,3279.758,3280.043,3280.234,3280.353,3280.422
2606.000,3285.000,3280.261,3283.558,3284.226,3284.477,3284.579,3284.621
2611.000,3288.970,3284.363,3288.720,3288.594,3288.802,3288.831,3288.832
2616.000,3292.940,3296.696,3292.916,3293.166,3293.126,3293.089,3293.035
2621.000,3296.910,3298.126,3297.489,3297.578,3297.435,3297.318,3297.209
2626.000,3300.890,3305.134,3302.497,3302.057,3301.698,3301.493,3301.335
2631.000,3304.870,3309.040,3307.226,3306.217,3305.850,3305.580,3305.397
2636.000,3308.850,3308.805,3310.639,3310.210,3309.840,3309.570,3309.387
2641.000,3312.840,3315.314,3314.914,3314.063,3313.701,3313.462,3313.307
2646.000,3316.820,3317.469,3317.838,3317.659,3317.412,3317.269,3317.166
2651.000,3320.810,3320.587,3320.867,3321.099,3321.051,3321.020,3320.985
2656.000,3324.810,3328.047,3324.457,3324.599,3324.680,3324.754,3324.789
2661.000,3328.800,3325.602,3327.674,3328.040,3328.349,3328.505,3328.602
2666.000,3332.800,3330.246,3331.305,3331.686,3332.106,3332.313,3332.447
2671.000,3336.800,3333.933,3335.138,3335.613,3335.978,3336.197,3336.337
2676.000,3340.800,3337.836,3338.999,3339.744,3339.961,3340.159,3340.275
2681.000,3344.810,3342.887,3343.364,3343.959,3344.065,3344.182,3344.258
2686.000,3348.820,3347.418,3348.352,3348.203,3348.243,3348.245,3348.272
2691.000,3352.830,3355.073,3353.378,3352.483,3352.412,3352.322,3352.297
2696.000,3356.850,3356.157,3357.173,3356.768,3356.510,3356.387,3356.315
2701.000,3360.860,3365.160,3361.018,3360.933,3360.546,3360.411,3360.312
2706.000,3364.880,3369.114,3365.098,3364.795,3364.516,3364.375,3364.279
2711.000,3368.910,3364.404,3368.992,3368.427,3368.417,3368.285,3368.213
2716.000,3372.930,3369.804,3372.521,3372.215,3372.232,3372.160,3372.116
2721.000,3376.960,3375.972,3375.387,3375.993,3375.993,3376.013,3376.000
2726.000,3380.990,3382.335,3378.799,3379.788,3379.779,3379.859,3379.880
2731.000,3385.020,3380.860,3383.686,3383.475,3383.635,3383.712,3383.770
2736.000,3389.060,3385.219,3387.466,3387.259,3387.517,3387.598,3387.679
2741.000,3393.090,3392.998,3391.664,3391.298,3391.436,3391.532,3391.617
2746.000,3397.130,3398.614,3394.800,3395.419,3395.393,3395.513,3395.590
2751.000,3401.180,3396.266,3399.015,3399.389,3399.431,3399.528,3399.600
2756.000,3405.220,3405.353,3403.657,3403.425,3403.535,3403.579,3403.647
2761.000,3409.270,3404.289,3407.646,3407.488,3407.643,3407.666,3407.724
2766.000,3413.320,3410.365,3411.477,3411.736,3411.744,3411.785,3411.826
2771.000,3417.370,3417.713,3415.715,3415.991,3415.874,3415.923,3415.951
2776.000,3421.430,3420.923,3420.105,3420.055,3420.045,3420.069,3420.099
2781.000,3425.490,3425.427,3424.535,3424.121,3424.226,3424.227,3424.266
2786.000,3429.550,3425.937,3428.803,3428.302,3428.397,3428.409,3428.450
2791.000,3433.610,3436.081,3432.106,3432.621,3432.552,3432.614,3432.653
2796.000,3437.680,3435.299,3436.109,3436.756,3436.753,3436.835,3436.876
2801.000,3441.740,3440.243,3440.740,3440.931,3441.016,3441.075,3441.120
2806.000,3445.810,3440.835,3445.948,3445.076,3445.310,3445.339,3445.383
2811.000,3449.890,3448.942,3449.048,3449.465,3449.589,3449.631,3449.657
2816.000,3453.960,3457.842,3453.763,3453.960,3453.910,3453.940,3453.938
2821.000,3458.040,3462.396,3457.815,3458.365,3458.240,3458.246,3458.217
2826.000,3462.120,3457.781,3462.831,3462.573,3462.597,3462.534,3462.485
2831.000,3466.200,3468.300,3467.574,3467.001,3466.917,3466.802,3466.729
2836.000,3470.290,3468.610,3471.574,3471.240,3471.157,3471.031,3470.937
2841.000,3474.370,3475.944,3475.409,3475.578,3475.327,3475.214,3475.104
2846.000,3478.460,3482.147,3480.042,3479.701,3479.464,3479.336,3479.227
2851.000,3482.560,3485.837,3483.432,3483.642,3483.513,3483.397,3483.307
2856.000,3486.650,3489.243,3488.184,3487.555,3487.525,3487.414,3487.348
2861.000,3490.750,3490.214,3491.690,3491.529,3491.448,3491.399,3491.357
2866.000,3494.850,3492.029,3495.163,3495.349,3495.348,3495.359,3495.350
2871.000,3498.950,3501.876,3498.966,3499.318,3499.271,3499.316,3499.341
2876.000,3503.050,3500.485,3503.227,3503.041,3503.223,3503.281,3503.343
2881.000,3507.160,3506.458,3506.780,3507.003,3507.187,3507.283,3507.368
2886.000,3511.270,3512.456,3511.216,3511.100,3511.211,3511.333,3511.427
2891.000,3515.380,3519.076,3514.243,3515.222,3515.279,3515.431,3515.524
2896.000,3519.490,3515.079,3519.425,3519.279,3519.460,3519.575,3519.664
2901.000,3523.610,3523.086,3523.843,3523.512,3523.698,3523.768,3523.840
2906.000,3527.720,3523.063,3527.820,3527.793,3527.957,3527.999,3528.045
2911.000,3531.840,3536.757,3531.625,3532.312,3532.236,3532.258,3532.269
2916.000,3535.970,3537.383,3536.414,3536.665,3536.538,3536.519,3536.503
2921.000,3540.090,3540.297,3541.180,3540.915,3540.829,3540.766,3540.737
2926.000,3544.220,3545.709,3545.880,3545.173,3545.090,3544.998,3544.965
2931.000,3548.350,3548.601,3549.895,3549.399,3549.282,3549.211,3549.183
2936.000,3552.480,3556.448,3553.593,3553.546,3553.432,3553.408,3553.393
2941.000,3556.610,3555.969,3557.622,3557.620,3557.578,3557.596,3557.602
2946.000,3560.750,3564.861,3561.208,3561.660,3561.728,3561.785,3561.814
2951.000,3564.880,3563.265,3565.443,3565.709,3565.916,3565.991,3566.034
2956.000,3569.020,3568.500,3569.698,3569.937,3570.143,3570.224,3570.265
2961.000,3573.170,3570.811,3574.158,3574.226,3574.412,3574.481,3574.505
2966.000,3577.310,3578.248,3578.241,3578.717,3578.726,3578.754,3578.752
2971.000,3581.460,3586.234,3583.191,3583.136,3583.066,3583.025,3582.995
2976.000,3585.610,3587.186,3587.640,3587.503,3587.374,3587.280,3587.225
2981.000,3589.760,3593.441,3592.648,3591.856,3591.637,3591.508,3591.433
2986.000,3593.910,3597.916,3596.375,3596.084,3595.813,3595.694,3595.613
2991.000,3598.070,3599.647,3600.268,3600.094,3599.930,3599.834,3599.763
2996.000,3602.220,3605.862,3604.631,3604.072,3604.007,3603.936,3603.885
3001.000,3606.380,3604.337,3607.839,3607.946,3608.033,3608.012,3607.983
3006.000,3610.550,3613.486,3611.260,3611.958,3612.043,3612.077,3612.061
3011.000,3614.710,3617.726,3615.484,3616.036,3616.090,3616.137,3616.124
3016.000,3618.870,3615.900,3619.764,3620.042,3620.170,3620.190,3620.176
3021.000,3623.040,3621.865,3624.463,3624.150,3624.268,3624.238,3624.215
3026.000,3627.210,3629.211,3628.810,3628.429,3628.346,3628.280,3628.237
3031.000,3631.390,3635.826,3632.674,3632.627,3632.380,3632.298,3632.242
3036.000,3635.560,3637.230,3636.597,3636.631,3636.373,3636.282,3636.228
3041.000,3639.740,3643.910,3641.214,3640.506,3640.334,3640.235,3640.200
3046.000,3643.910,3644.780,3644.867,3644.274,3644.217,3644.167,3644.161
3051.000,3648.100,3643.358,3647.790,3647.990,3648.060,3648.095,3648.124
3056.000,3652.280,3654.184,3651.590,3651.880,3651.938,3652.039,3652.101
3061.000,3656.460,3654.784,3655.185,3655.612,3655.868,3656.012,3656.103
3066.000,3660.650,3656.286,3658.688,3659.524,3659.876,3660.036,3660.139
3071.000,3664.840,3663.826,3663.824,3663.781,3663.982,3664.121,3664.212
3076.000,3669.030,3669.075,3667.341,3668.018,3668.141,3668.253,3668.318
3081.000,3673.220,3669.304,3672.247,3672.325,3672.385,3672.420,3672.452
3086.000,3677.420,3679.311,3677.588,3676.738,3676.653,3676.604,3676.600
3091.000,3681.610,3678.804,3681.250,3680.988,3680.866,3680.783,3680.750
3096.000,3685.810,3689.123,3685.336,3685.326,3685.038,3684.945,3684.893
3101.000,3690.010,3693.675,3689.577,3689.399,3689.165,3689.073,3689.027
3106.000,3694.220,3689.460,3693.575,3693.269,3693.232,3693.170,3693.151
3111.000,3698.420,3697.673,3697.705,3697.220,3697.273,3697.259,3697.274
3116.000,3702.630,3698.996,3700.759,3701.216,3701.281,3701.355,3701.406
3121.000,3706.840,3707.295,3704.680,3705.204,3705.338,3705.476,3705.560
3126.000,3711.050,3707.711,3708.904,3709.280,3709.484,3709.642,3709.750
3131.000,3715.260,3710.506,3713.311,3713.380,3713.710,3713.865,3713.983
3136.000,3719.480,3721.122,3717.495,3717.799,3718.010,3718.155,3718.258
3141.000,3723.690,3719.027,3722.104,3722.289,3722.399,3722.501,3722.573
3146.000,3727.910,3728.521,3726.407,3726.805,3726.834,3726.884,3726.917
3151.000,3732.130,3728.284,3731.691,3731.313,3731.312,3731.283,3731.277
3156.000,3736.350,3739.557,3736.109,3735.927,3735.760,3735.680,3735.637
3161.000,3740.580,3737.833,3740.521,3740.325,3740.160,3740.050,3739.982
3166.000,3744.800,3747.492,3744.865,3744.727,3744.507,3744.384,3744.304
3171.000,3749.030,3752.048,3749.792,3748.935,3748.791,3748.673,3748.595
3176.000,3753.260,3749.911,3752.892,3753.085,3752.989,3752.921,3752.854
3181.000,3757.490,3758.932,3757.218,3757.237,3757.171,3757.134,3757.085
3186.000,3761.730,3762.772,3761.150,3761.299,3761.333,3761.321,3761.293
3191.000,3765.960,3761.252,3765.154,3765.316,3765.496,3765.494,3765.485
3196.000,3770.200,3768.118,3769.590,3769.595,3769.654,3769.669,3769.665
3201.000,3774.440,3775.015,3773.298,3773.864,3773.813,3773.842,3773.840
3206.000,3778.680,3780.079,3777.914,3778.073,3778.006,3778.013,3778.015
3211.000,3782.920,3780.959,3782.838,3782.191,3782.210,3782.182,3782.195
3216.000,3787.170,3784.890,3787.107,3786.352,3786.383,3786.358,3786.383
3221.000,3791.420,3795.086,3790.609,3790.648,3790.527,3790.549,3790.585
3226.000,3795.670,3795.717,3793.980,3794.745,3794.679,3794.754,3794.809
3231.000,3799.920,3798.003,3798.720,3798.806,3798.890,3798.984,3799.064
3236.000,3804.170,3799.528,3803.370,3802.876,3803.151,3803.254,3803.357
3241.000,3808.420,3803.674,3806.593,3807.132,3807.441,3807.580,3807.691
3246.000,3812.680,3814.144,3811.260,3811.674,3811.817,3811.969,3812.068
3251.000,3816.940,3817.437,3815.599,3816.174,3816.273,3816.409,3816.485
3256.000,3821.200,3817.647,3820.399,3820.683,3820.810,3820.886,3820.935
3261.000,3825.460,3828.388,3825.776,3825.376,3825.403,3825.392,3825.406
3266.000,3829.720,3828.374,3830.220,3830.000,3829.965,3829.903,3829.881
3271.000,3833.990,3833.129,3834.935,3834.632,3834.495,3834.405,3834.348
3276.000,3838.250,3841.310,3839.441,3839.280,3838.977,3838.875,3838.795
3281.000,3842.520,3845.257,3843.631,3843.612,3843.401,3843.297,3843.217
3286.000,3846.790,3850.437,3848.020,3847.882,3847.782,3847.675,3847.611
3291.000,3851.060,3849.193,3852.934,3852.061,3852.103,3852.021,3851.975
3296.000,3855.340,3857.715,3856.106,3856.340,3856.355,3856.345,3856.313
3301.000,3859.610,3859.099,3860.106,3860.665,3860.615,3860.656,3860.633
3306.000,3863.890,3867.528,3864.186,3864.884,3864.911,3864.953,3864.940
3311.000,3868.170,3863.510,3869.397,3869.039,3869.251,3869.245,3869.232
3316.000,3872.450,3873.262,3873.906,3873.438,3873.575,3873.538,3873.505
3321.000,3876.730,3878.996,3877.555,3877.954,3877.862,3877.820,3877.754
3326.000,3881.010,3885.672,3882.013,3882.437,3882.144,3882.067,3881.973
3331.000,3885.300,3889.278,3886.901,3886.610,3886.406,3886.259,3886.156
3336.000,3889.590,3884.642,3891.720,3890.675,3890.590,3890.396,3890.299
3341.000,3893.880,3898.730,3895.565,3894.854,3894.642,3894.485,3894.401
3346.000,3898.170,3897.725,3898.609,3898.875,3898.593,3898.528,3898.474
3351.000,3902.460,3906.993,3902.364,3902.723,3902.534,3902.536,3902.535
3356.000,3906.760,3905.911,3906.810,3906.322,3906.488,3906.536,3906.605
3361.000,3911.050,3906.983,3910.157,3910.090,3910.446,3910.575,3910.704
3366.000,3915.350,3915.565,3913.836,3914.198,3914.460,3914.688,3914.853
3371.000,3919.650,3915.766,3916.910,3918.352,3918.592,3918.887,3919.070
3376.000,3923.950,3922.157,3921.942,3922.563,3922.914,3923.180,3923.363
3381.000,3928.250,3923.477,3927.364,3926.970,3927.383,3927.571,3927.729
3386.000,3932.560,3928.514,3931.445,3931.652,3931.928,3932.051,3932.154
3391.000,3936.860,3941.133,3936.284,3936.571,3936.537,3936.589,3936.618
3396.000,3941.170,3944.934,3941.010,3941.373,3941.183,3941.139,3941.095
3401.000,3945.480,3944.136,3946.608,3946.013,3945.821,3945.662,3945.560
3406.000,3949.790,3949.636,3951.341,3950.618,3950.361,3950.130,3949.986
3411.000,3954.100,3955.238,3955.561,3955.082,3954.764,3954.522,3954.357
3416.000,3958.420,3962.664,3959.844,3959.438,3959.043,3958.825,3958.664
3421.000,3962.730,3961.644,3963.677,3963.433,3963.203,3963.037,3962.911
3426.000,3967.050,3970.671,3967.535,3967.388,3967.280,3967.181,3967.110
3431.000,3971.370,3974.917,3971.501,3971.331,3971.304,3971.291,3971.279
3436.000,3975.690,3970.968,3974.571,3975.131,3975.302,3975.393,3975.438
3441.000,3980.010,3976.641,3979.025,3979.158,3979.375,3979.523,3979.612
3446.000,3984.330,3983.004,3983.165,3983.247,3983.531,3983.700,3983.819
3451.000,3988.660,3984.152,3986.444,3987.423,3987.757,3987.941,3988.070
3456.000,3992.990,3992.822,3991.861,3991.945,3992.112,3992.257,3992.370
3461.000,3997.310,3999.652,3996.163,3996.482,3996.522,3996.630,3996.715
3466.000,4001.640,3997.872,4000.728,4000.913,4000.992,4001.045,4001.099
3471.000,4005.980,4008.886,4006.228,4005.616,4005.508,4005.491,4005.511
3476.000,4010.310,4006.755,4010.782,4010.029,4009.988,4009.941,4009.935
3481.000,4014.640,4014.959,4014.184,4014.539,4014.434,4014.389,4014.361
3486.000,4018.980,4022.652,4019.363,4019.035,4018.882,4018.822,4018.781
3491.000,4023.320,4024.700,4022.754,4023.302,4023.263,4023.228,4023.186
3496.000,4027.660,4023.465,4027.734,4027.603,4027.656,4027.614,4027.574
3501.000,4032.000,4034.127,4032.201,4032.052,4032.022,4031.981,4031.944
3506.000,4036.340,4032.618,4036.093,4036.279,4036.350,4036.326,4036.296
3511.000,4040.680,4041.614,4040.894,4040.780,4040.689,4040.661,4040.635
3516.000,4045.030,4046.232,4045.324,4045.102,4045.006,4044.979,4044.963
3521.000,4049.380,4049.894,4048.957,4049.332,4049.295,4049.286,4049.285
3526.000,4053.720,4058.307,4054.255,4053.671,4053.609,4053.597,4053.609
3531.000,4058.070,4054.479,4057.991,4057.823,4057.883,4057.910,4057.939
3536.000,4062.420,4059.556,4061.812,4062.081,4062.175,4062.239,4062.282
3541.000,4066.780,4069.706,4066.464,4066.473,4066.521,4066.592,4066.643
3546.000,4071.130,4067.762,4069.957,4070.696,4070.883,4070.968,4071.024
3551.000,4075.490,4072.979,4075.128,4075.146,4075.307,4075.379,4075.424
3556.000,4079.850,4082.460,4079.703,4079.758,4079.768,4079.817,4079.838
3561.000,4084.200,4082.758,4083.816,4084.207,4084.242,4084.262,4084.261
3566.000,4088.560,4090.678,4089.143,4088.792,4088.757,4088.707,4088.684
3571.000,4092.930,4091.579,4094.094,4093.306,4093.239,4093.141,4093.098
3576.000,4097.290,4098.495,4097.604,4097.787,4097.634,4097.552,4097.494
3581.000,4101.650,4105.050,4102.055,4102.306,4102.003,4101.934,4101.869
3586.000,4106.020,4107.641,4106.727,4106.520,4106.341,4106.275,4106.226
3591.000,4110.390,4107.028,4111.069,4110.518,4110.646,4110.585,4110.566
3596.000,4114.760,4113.915,4115.452,4114.789,4114.918,4114.892,4114.893
3601.000,4119.130,4123.380,4118.642,4119.162,4119.143,4119.203,4119.214
3606.000,4123.500,4121.975,4122.079,4123.435,4123.414,4123.518,4123.540
3611.000,4127.870,4129.174,4127.500,4127.694,4127.781,4127.842,4127.877
3616.000,4132.250,4127.382,4132.669,4131.882,4132.177,4132.183,4132.226
3621.000,4136.620,4131.698,4136.638,4136.415,4136.548,4136.555,4136.584
3626.000,4141.000,4144.974,4140.876,4141.089,4140.916,4140.946,4140.950
3631.000,4145.380,4150.100,4144.773,4145.563,4145.304,4145.333,4145.323
3636.000,4149.760,4151.160,4150.370,4149.757,4149.745,4149.709,4149.699
3641.000,4154.140,4151.642,4154.795,4154.012,4154.147,4154.082,4154.071
3646.000,4158.520,4156.453,4158.818,4158.411,4158.496,4158.453,4158.434
3651.000,4162.910,4166.566,4162.029,4162.970,4162.809,4162.818,4162.786
3656.000,4167.290,4162.672,4166.425,4167.230,4167.153,4167.159,4167.131
3661.000,4171.680,4173.129,4171.669,4171.528,4171.515,4171.484,4171.469
3666.000,4176.070,4172.584,4176.682,4175.756,4175.859,4175.800,4175.801
3671.000,4180.460,4181.930,4180.193,4180.165,4180.134,4180.121,4180.131
3676.000,4184.850,4188.349,4184.882,4184.542,4184.419,4184.447,4184.467
3681.000,4189.240,4191.547,4188.414,4188.821,4188.713,4188.779,4188.817
3686.000,4193.640,4191.140,4192.887,4192.895,4193.056,4193.126,4193.190
3691.000,4198.030,4195.495,4197.066,4197.229,4197.430,4197.511,4197.590
3696.000,4202.430,4197.850,4201.624,4201.581,4201.841,4201.938,4202.020
3701.000,4206.830,4203.897,4205.198,4206.161,4206.288,4206.411,4206.482
3706.000,4211.230,4211.183,4210.534,4210.783,4210.830,4210.920,4210.976
3711.000,4215.630,4220.255,4215.342,4215.417,4215.409,4215.456,4215.495
3716.000,4220.030,4216.567,4220.473,4219.949,4220.024,4220.012,4220.033
3721.000,4224.430,4228.491,4225.241,4224.690,4224.617,4224.582,4224.580
3726.000,4228.840,4229.154,4229.506,4229.281,4229.182,4229.149,4229.125
3731.000,4233.240,4233.762,4233.347,4233.887,4233.733,4233.704,4233.662
3736.000,4237.650,4237.277,4238.384,4238.316,4238.283,4238.234,4238.184
3741.000,4242.060,4241.039,4242.674,4242.732,4242.799,4242.738,4242.682
3746.000,4246.470,4247.140,4247.583,4247.277,4247.293,4247.217,4247.152
3751.000,4250.880,4251.827,4251.475,4251.795,4251.732,4251.662,4251.588
3756.000,4255.300,4258.522,4256.155,4256.303,4256.145,4256.071,4255.989
3761.000,4259.710,4263.513,4261.322,4260.745,4260.532,4260.436,4260.356
3766.000,4264.120,4261.005,4264.969,4264.955,4264.853,4264.757,4264.690
3771.000,4268.540,4270.042,4269.941,4269.212,4269.139,4269.043,4268.997
3776.000,4272.960,4277.205,4273.769,4273.437,4273.360,4273.305,4273.285
3781.000,4277.380,4272.670,4277.056,4277.527,4277.534,4277.556,4277.565
3786.000,4281.800,4286.627,4281.269,4281.796,4281.736,4281.813,4281.853
3791.000,4286.220,4285.319,4285.734,4285.850,4285.983,4286.086,4286.161
3796.000,4290.640,4286.522,4289.955,4289.961,4290.287,4290.398,4290.501
3801.000,4295.070,4290.494,4294.848,4294.366,4294.652,4294.769,4294.879
3806.000,4299.490,4301.297,4298.321,4298.943,4299.050,4299.200,4299.297
3811.000,4303.920,4306.754,4302.548,4303.567,4303.541,4303.683,4303.758
3816.000,4308.350,4306.922,4307.892,4308.083,4308.133,4308.201,4308.253
3821.000,4312.780,4310.935,4313.303,4312.577,4312.756,4312.745,4312.770
3826.000,4317.210,4314.911,4318.104,4317.291,4317.363,4317.307,4317.294
3831.000,4321.640,4323.930,4321.566,4322.101,4321.915,4321.864,4321.811
3836.000,4326.070,4328.369,4326.308,4326.727,4326.459,4326.389,4326.312
3841.000,4330.510,4334.908,4331.315,4331.190,4330.980,4330.869,4330.788
3846.000,4334.940,4330.987,4336.223,4335.437,4335.441,4335.303,4335.234
3851.000,4339.380,4340.116,4340.273,4339.886,4339.806,4339.705,4339.651
3856.000,4343.820,4345.982,4344.544,4344.224,4344.117,4344.078,4344.045
3861.000,4348.250,4349.266,4347.832,4348.522,4348.404,4348.432,4348.428
3866.000,4352.700,4352.287,4352.707,4352.656,4352.730,4352.779,4352.812
3871.000,4357.140,4358.266,4356.677,4356.904,4357.070,4357.147,4357.209
3876.000,4361.580,4357.919,4361.397,4361.197,4361.451,4361.549,4361.625
3881.000,4366.020,4365.113,4365.164,4365.723,4365.875,4365.995,4366.069
3886.000,4370.470,4367.907,4370.006,4370.265,4370.379,4370.479,4370.541
3891.000,4374.910,4379.024,4374.598,4374.892,4374.934,4374.997,4375.039
3896.000,4379.360,4375.633,4379.511,4379.488,4379.526,4379.536,4379.553
3901.000,4383.810,4386.183,4384.503,4384.186,4384.119,4384.086,4384.074
3906.000,4388.260,4390.410,4389.065,4388.787,4388.690,4388.628,4388.592
3911.000,4392.710,4392.309,4393.568,4393.342,4393.227,4393.151,4393.096
3916.000,4397.160,4400.055,4398.053,4397.874,4397.723,4397.645,4397.579
3921.000,4401.620,4399.840,4402.210,4402.262,4402.175,4402.103,4402.036
3926.000,4406.070,4410.544,4406.488,4406.653,4406.596,4406.526,4406.464
3931.000,4410.530,4407.029,4411.229,4410.957,4410.983,4410.917,4410.864
3936.000,4414.990,4415.283,4415.221,4415.350,4415.327,4415.282,4415.240
3941.000,4419.440,4420.357,4419.806,4419.734,4419.653,4419.625,4419.597
3946.000,4423.900,4425.493,4423.692,4424.052,4423.965,4423.951,4423.946
3951.000,4428.360,4428.002,4428.805,4428.284,4428.277,4428.273,4428.294
3956.000,4432.820,4431.933,4432.896,4432.539,4432.574,4432.607,4432.651
3961.000,4437.290,4437.748,4436.714,4436.840,4436.878,4436.965,4437.028
3966.000,4441.750,4442.815,4440.851,4441.142,4441.236,4441.355,4441.432
3971.000,4446.220,4443.921,4445.010,4445.429,4445.663,4445.785,4445.869
3976.000,4450.680,4447.083,4449.915,4449.864,4450.158,4450.261,4450.338
3981.000,4455.150,4454.455,4453.805,4454.554,4454.697,4454.782,4454.835
3986.000,4459.620,4457.115,4458.813,4459.270,4459.288,4459.331,4459.354
3991.000,4464.090,4466.266,4463.940,4464.008,4463.908,4463.890,4463.885
3996.000,4468.560,4464.981,4469.547,4468.614,4468.525,4468.443,4468.420
4001.000,4473.030,4477.868,4473.861,4473.276,4473.078,4472.984,4472.952
4006.000,4477.500,4479.812,4478.176,4477.769,4477.575,4477.505,4477.475
4011.000,4481.980,4486.334,4482.154,4482.182,4482.032,4482.009,4481.992
4016.000,4486.450,4484.649,4486.437,4486.426,4486.482,4486.500,4486.504
4021.000,4490.930,4487.324,4490.268,4490.751,4490.936,4490.995,4491.015
4026.000,4495.410,4494.113,4494.830,4495.206,4495.433,4495.504,4495.527
4031.000,4499.880,4494.962,4499.254,4499.763,4499.968,4500.029,4500.038
4036.000,4504.360,4504.679,4504.141,4504.453,4504.543,4504.562,4504.543
4041.000,4508.840,4511.749,4509.356,4509.250,4509.137,4509.089,4509.034
4046.000,4513.330,4517.300,4514.058,4513.925,4513.703,4513.587,4513.499
4051.000,4517.810,4518.860,4519.262,4518.451,4518.214,4518.037,4517.929
4056.000,4522.290,4523.830,4523.848,4522.913,4522.628,4522.430,4522.316
4061.000,4526.780,4527.025,4527.554,4527.163,4526.915,4526.761,4526.659
4066.000,4531.260,4531.394,4530.939,4531.343,4531.118,4531.036,4530.966
4071.000,4535.750,4536.777,4535.375,4535.351,4535.298,4535.271,4535.249
4076.000,4540.240,4537.691,4539.103,4539.261,4539.448,4539.492,4539.526
4081.000,4544.730,4540.998,4543.320,4543.346,4543.629,4543.734,4543.814
4086.000,4549.220,4549.909,4547.318,4547.706,4547.859,4548.023,4548.132
4091.000,4553.710,4549.929,4551.214,4551.968,4552.173,4552.367,4552.493
4096.000,4558.200,4556.540,4556.154,4556.430,4556.609,4556.780,4556.905
4101.000,4562.700,4559.383,4561.457,4560.955,4561.142,4561.258,4561.369
4106.000,4567.190,4564.051,4565.208,4565.548,4565.708,4565.795,4565.879
4111.000,4571.690,4572.266,4570.338,4570.307,4570.336,4570.378,4570.425
4116.000,4576.180,4578.120,4574.993,4575.080,4574.980,4574.984,4574.996
4121.000,4580.680,4576.170,4579.473,4579.668,4579.619,4579.592,4579.577
4126.000,4585.180,4585.837,4584.526,4584.364,4584.254,4584.191,4584.159
4131.000,4589.680,4589.126,4589.564,4588.936,4588.853,4588.770,4588.733
4136.000,4594.180,4590.742,4593.576,4593.432,4593.392,4593.328,4593.295
4141.000,4598.680,4599.419,4598.075,4597.990,4597.902,4597.869,4597.847
4146.000,4603.190,4607.533,4602.344,4602.498,4602.393,4602.397,4602.393
4151.000,4607.690,4606.205,4606.465,4606.858,4606.883,4606.920,4606.939
4156.000,4612.190,4607.665,4611.378,4611.240,4611.409,4611.453,4611.494
4161.000,4616.700,4615.720,4616.085,4615.794,4615.949,4616.011,4616.062
4166.000,4621.210,4617.973,4620.079,4620.365,4620.510,4620.597,4620.646
4171.000,4625.720,4625.135,4624.253,4625.121,4625.126,4625.212,4625.248
4176.000,4630.220,4632.368,4629.955,4629.767,4629.804,4629.844,4629.863
4181.000,4634.730,4635.490,4634.340,4634.427,4634.494,4634.488,4634.483
4186.000,4639.250,4635.423,4639.754,4639.168,4639.190,4639.133,4639.097
4191.000,4643.760,4647.578,4643.905,4643.986,4643.836,4643.760,4643.694
4196.000,4648.270,4646.415,4648.702,4648.621,4648.456,4648.350,4648.265
4201.000,4652.780,4655.867,4653.270,4653.236,4653.023,4652.894,4652.806
4206.000,4657.300,4654.194,4657.975,4657.649,4657.515,4657.389,4657.314
4211.000,4661.820,4665.948,4662.404,4662.101,4661.934,4661.844,4661.796
4216.000,4666.330,4667.465,4666.641,4666.398,4666.305,4666.271,4666.264
4221.000,4670.850,4668.356,4670.650,4670.616,4670.652,4670.690,4670.733
4226.000,4675.370,4678.581,4675.067,4674.915,4675.026,4675.133,4675.223
4231.000,4679.890,4676.077,4678.780,4679.222,4679.443,4679.624,4679.749
4236.000,4684.410,4683.927,4682.800,4683.658,4683.957,4684.182,4684.324
4241.000,4688.930,4685.112,4688.062,4688.272,4688.611,4688.819,4688.952
4246.000,4693.450,4691.941,4692.559,4693.018,4693.371,4693.527,4693.627
4251.000,4697.980,4695.603,4697.693,4697.997,4698.217,4698.294,4698.335
4256.000,4702.500,4705.190,4702.943,4703.198,4703.106,4703.086,4703.055
4261.000,4707.030,4710.058,4708.292,4708.235,4707.987,4707.859,4707.763
4266.000,4711.560,4712.017,4713.629,4713.141,4712.806,4712.580,4712.436
4271.000,4716.080,4720.676,4719.206,4717.882,4717.503,4717.222,4717.055
4276.000,4720.610,4722.554,4723.326,4722.438,4722.024,4721.775,4721.608
4281.000,4725.140,4729.305,4726.896,4726.751,4726.414,4726.237,4726.097
4286.000,4729.670,4734.642,4730.882,4730.877,4730.717,4730.622,4730.533
4291.000,4734.200,4734.027,4734.836,4734.845,4734.976,4734.960,4734.929
4296.000,4738.740,4735.054,4738.486,4738.961,4739.220,4739.286,4739.304
4301.000,4743.270,4739.913,4742.509,4743.264,4743.502,4743.627,4743.675
4306.000,4747.800,4748.356,4746.983,4747.693,4747.865,4747.997,4748.057
4311.000,4752.340,4748.102,4752.134,4752.149,4752.312,4752.399,4752.458
4316.000,4756.870,4757.466,4757.019,4756.722,4756.800,4756.834,4756.880
4321.000,4761.410,4765.960,4761.885,4761.418,4761.303,4761.297,4761.318
4326.000,4765.950,4770.088,4766.029,4765.974,4765.789,4765.768,4765.768
4331.000,4770.490,4769.246,4770.498,4770.379,4770.271,4770.235,4770.224
4336.000,4775.030,4773.978,4775.379,4774.785,4774.741,4774.694,4774.684
4341.000,4779.570,4777.366,4778.872,4779.099,4779.162,4779.145,4779.144
4346.000,4784.110,4779.379,4782.969,4783.520,4783.580,4783.596,4783.606
4351.000,4788.650,4791.636,4787.861,4788.011,4788.014,4788.052,4788.075
4356.000,4793.200,4790.411,4792.086,4792.369,4792.457,4792.518,4792.556
4361.000,4797.740,4798.769,4796.979,4796.899,4796.944,4797.005,4797.054
4366.000,4802.290,4803.486,4801.933,4801.413,4801.466,4801.517,4801.574
4371.000,4806.830,4803.553,4805.884,4805.889,4806.000,4806.058,4806.118
4376.000,4811.380,4811.617,4810.583,4810.509,4810.574,4810.633,4810.688
4381.000,4815.930,4814.059,4814.563,4815.172,4815.163,4815.237,4815.282
4386.000,4820.480,4819.291,4819.196,4819.749,4819.799,4819.861,4819.897
4391.000,4825.030,4823.309,4824.427,4824.385,4824.485,4824.504,4824.531
4396.000,4829.580,4826.626,4829.621,4829.023,4829.174,4829.160,4829.174
4401.000,4834.130,4835.914,4833.966,4833.869,4833.835,4833.828,4833.819
4406.000,4838.680,4840.175,4838.337,4838.688,4838.501,4838.492,4838.460
4411.000,4843.230,4847.974,4843.050,4843.333,4843.166,4843.135,4843.091
4416.000,4847.790,4844.471,4848.485,4847.802,4847.835,4847.752,4847.704
4421.000,4852.340,4849.887,4852.933,4852.406,4852.445,4852.349,4852.294
4426.000,4856.900,4856.301,4856.938,4857.044,4856.987,4856.919,4856.856
4431.000,4861.460,4864.670,4860.903,4861.706,4861.498,4861.457,4861.390
4436.000,4866.010,4867.055,4866.194,4866.134,4866.011,4865.955,4865.901
4441.000,4870.570,4868.210,4870.806,4870.483,4870.490,4870.423,4870.393
4446.000,4875.130,4875.731,4875.681,4874.914,4874.931,4874.877,4874.871
4451.000,4879.690,4881.503,4879.481,4879.389,4879.322,4879.330,4879.345
4456.000,4884.250,4882.172,4883.381,4883.760,4883.719,4883.788,4883.829
4461.000,4888.820,4890.424,4887.949,4888.132,4888.171,4888.264,4888.337
4466.000,4893.380,4891.272,4892.229,4892.445,4892.667,4892.776,4892.879
4471.000,4897.940,4894.353,4896.797,4896.910,4897.215,4897.344,4897.462
4476.000,4902.510,4900.189,4901.407,4901.644,4901.826,4901.979,4902.091
4481.000,4907.070,4905.690,4905.872,4906.386,4906.514,4906.670,4906.767
4486.000,4911.640,4913.477,4910.738,4911.229,4911.301,4911.411,4911.487
4491.000,4916.210,4914.446,4916.513,4916.033,4916.159,4916.190,4916.240
4496.000,4920.770,4921.678,4921.148,4920.947,4921.009,4920.999,4921.012
4501.000,4925.340,4925.333,4926.127,4925.954,4925.851,4925.816,4925.790
4506.000,4929.910,4934.776,4930.428,4930.922,4930.674,4930.618,4930.560
4511.000,4934.480,4932.639,4935.806,4935.588,4935.483,4935.382,4935.314
4516.000,4939.050,4940.541,4940.918,4940.284,4940.238,4940.112,4940.041
4521.000,4943.630,4943.586,4945.516,4944.992,4944.910,4944.806,4944.736
4526.000,4948.200,4952.089,4949.173,4949.696,4949.509,4949.465,4949.398
4531.000,4952.770,4957.461,4954.016,4954.228,4954.115,4954.087,4954.034
4536.000,4957.350,4957.521,4959.087,4958.662,4958.715,4958.679,4958.645
4541.000,4961.920,4960.375,4963.354,4963.114,4963.285,4963.256,4963.236
4546.000,4966.500,4966.537,4967.532,4967.830,4967.836,4967.830,4967.807
4551.000,4971.080,4976.036,4971.954,4972.486,4972.385,4972.393,4972.363
4556.000,4975.650,4973.455,4976.679,4976.979,4976.950,4976.938,4976.903
4561.000,4980.230,4981.335,4982.190,4981.552,4981.527,4981.467,4981.426
4566.000,4984.810,4988.415,4986.611,4986.071,4986.052,4985.974,4985.929
4571.000,4989.390,4990.602,4990.532,4990.618,4990.531,4990.460,4990.411
4576.000,4993.970,4998.948,4995.367,4995.152,4994.986,4994.921,4994.872
4581.000,4998.560,4997.482,4999.165,4999.508,4999.388,4999.353,4999.314
4586.000,5003.140,5003.489,5003.779,5003.840,5003.787,5003.763,5003.745
4591.000,5007.720,5007.298,5008.420,5008.161,5008.177,5008.163,5008.172
4596.000,5012.310,5007.920,5012.685,5012.366,5012.547,5012.564,5012.605
4601.000,5016.890,5020.716,5016.933,5016.865,5016.923,5016.992,5017.056
4606.000,5021.480,5023.084,5020.780,5021.345,5021.329,5021.452,5021.535
4611.000,5026.060,5028.808,5024.802,5025.742,5025.797,5025.952,5026.053
4616.000,5030.650,5027.218,5030.654,5030.145,5030.381,5030.504,5030.617
4621.000,5035.240,5030.414,5035.140,5034.678,5035.009,5035.116,5035.227
4626.000,5039.830,5035.457,5039.197,5039.442,5039.673,5039.791,5039.877
4631.000,5044.420,5048.882,5043.510,5044.454,5044.412,5044.514,5044.562
4636.000,5049.010,5052.116,5048.665,5049.259,5049.213,5049.257,5049.271
4641.000,5053.600,5051.482,5054.124,5053.995,5054.048,5054.005,5053.989
4646.000,5058.190,5058.998,5059.888,5058.910,5058.863,5058.747,5058.702
4651.000,5062.790,5063.303,5064.293,5063.755,5063.583,5063.466,5063.396
4656.000,5067.380,5068.630,5068.289,5068.520,5068.239,5068.147,5068.063
4661.000,5071.970,5075.805,5073.600,5073.152,5072.872,5072.780,5072.702
4666.000,5076.570,5079.713,5077.424,5077.490,5077.442,5077.368,5077.312
4671.000,5081.170,5080.088,5082.021,5081.853,5081.978,5081.929,5081.894
4676.000,5085.760,5088.660,5086.550,5086.426,5086.483,5086.478,5086.455
4681.000,5090.360,5085.769,5090.255,5090.901,5090.977,5091.013,5091.001
4686.000,5094.960,5095.481,5094.835,5095.506,5095.515,5095.543,5095.541
4691.000,5099.560,5100.336,5100.300,5100.049,5100.079,5100.071,5100.078
4696.000,5104.160,5101.741,5104.921,5104.611,5104.619,5104.605,5104.615
4701.000,5108.760,5111.771,5109.656,5109.255,5109.151,5109.146,5109.156
4706.000,5113.360,5118.343,5113.828,5113.807,5113.677,5113.690,5113.705
4711.000,5117.960,5121.010,5118.484,5118.203,5118.218,5118.238,5118.266
4716.000,5122.560,5118.913,5122.759,5122.627,5122.766,5122.801,5122.838
4721.000,5127.170,5124.680,5126.699,5127.186,5127.320,5127.387,5127.424
4726.000,5131.770,5132.929,5131.072,5131.839,5131.913,5131.992,5132.023
4731.000,5136.380,5131.663,5135.892,5136.443,5136.564,5136.612,5136.636
4736.000,5140.980,5139.351,5141.569,5141.136,5141.248,5141.245,5141.258
4741.000,5145.590,5148.953,5146.397,5145.957,5145.917,5145.887,5145.884
4746.000,5150.200,5154.754,5150.716,5150.759,5150.558,5150.529,5150.509
4751.000,5154.800,5158.652,5155.607,5155.416,5155.195,5155.156,5155.133
4756.000,5159.410,5158.475,5160.448,5159.866,5159.818,5159.767,5159.752
4761.000,5164.020,5163.161,5164.686,5164.331,5164.401,5164.370,5164.365
4766.000,5168.630,5165.901,5168.492,5168.897,5168.957,5168.973,5168.973
4771.000,5173.240,5173.239,5172.715,5173.496,5173.526,5173.578,5173.577
4776.000,5177.850,5178.620,5177.657,5178.040,5178.135,5178.181,5178.179
4781.000,5182.470,5181.397,5182.676,5182.650,5182.783,5182.784,5182.777
4786.000,5187.080,5188.213,5187.796,5187.400,5187.428,5187.387,5187.367
4791.000,5191.690,5193.069,5192.259,5192.132,5192.038,5191.982,5191.943
4796.000,5196.310,5198.294,5196.954,5196.867,5196.622,5196.556,5196.503
4801.000,5200.920,5201.742,5201.744,5201.411,5201.179,5201.099,5201.047
4806.000,5205.540,5204.475,5205.839,5205.767,5205.687,5205.610,5205.575
4811.000,5210.160,5211.486,5210.800,5210.132,5210.157,5210.102,5210.091
4816.000,5214.770,5214.926,5214.483,5214.544,5214.578,5214.590,5214.602
4821.000,5219.390,5216.878,5218.291,5218.959,5219.006,5219.083,5219.119
4826.000,5224.010,5227.797,5222.811,5223.421,5223.486,5223.595,5223.652
4831.000,5228.630,5224.079,5227.838,5227.815,5228.035,5228.135,5228.210
4836.000,5233.250,5228.396,5232.651,5232.406,5232.634,5232.717,5232.795
4841.000,5237.870,5236.113,5237.073,5237.127,5237.268,5237.343,5237.409
4846.000,5242.490,5246.678,5241.556,5241.970,5241.938,5242.006,5242.049
4851.000,5247.110,5248.618,5246.622,5246.738,5246.653,5246.689,5246.709
4856.000,5251.740,5247.832,5251.336,5251.399,5251.388,5251.380,5251.384
4861.000,5256.360,5259.173,5256.714,5256.115,5256.124,5256.072,5256.063
4866.000,5260.980,5259.546,5261.214,5260.816,5260.818,5260.760,5260.739
4871.000,5265.610,5261.392,5265.276,5265.555,5265.467,5265.439,5265.405
4876.000,5270.230,5273.756,5270.085,5270.273,5270.112,5270.098,5270.060
4881.000,5274.860,5278.182,5274.462,5274.832,5274.757,5274.734,5274.704
4886.000,5279.490,5277.052,5279.799,5279.281,5279.403,5279.352,5279.335
4891.000,5284.120,5281.493,5284.359,5283.916,5284.007,5283.965,5283.955
4896.000,5288.740,5289.810,5288.630,5288.629,5288.574,5288.576,5288.566
4901.000,5293.370,5296.908,5292.354,5293.338,5293.141,5293.182,5293.175
4906.000,5298.000,5293.310,5297.726,5297.778,5297.764,5297.778,5297.788
4911.000,5302.630,5303.652,5303.072,5302.243,5302.389,5302.378,5302.406
4916.000,5307.260,5304.254,5307.424,5306.800,5306.993,5306.996,5307.033
4921.000,5311.900,5314.656,5310.881,5311.641,5311.575,5311.639,5311.672
4926.000,5316.530,5318.915,5315.616,5316.297,5316.207,5316.294,5316.329
4931.000,5321.160,5320.274,5320.525,5320.857,5320.903,5320.965,5321.005
4936.000,5325.800,5321.106,5326.241,5325.412,5325.639,5325.655,5325.695
4941.000,5330.430,5326.454,5330.321,5330.197,5330.354,5330.374,5330.389
4946.000,5335.060,5338.014,5334.990,5335.116,5335.082,5335.108,5335.072
4951.000,5339.700,5344.267,5339.313,5339.957,5339.828,5339.827,5339.719
4956.000,5344.340,5343.214,5344.373,5344.645,5344.608,5344.500,5344.296
4961.000,5348.970,5351.598,5350.051,5349.389,5349.343,5349.076,5348.735
4966.000,5353.610,5350.540,5354.408,5354.077,5353.935,5353.493,5352.969
4971.000,5358.250,5356.522,5359.064,5358.875,5358.354,5357.689,5356.933
4976.000,5362.890,5366.201,5363.525,5363.340,5362.384,5361.448,5360.449
4981.000,5367.530,5368.513,5367.803,5367.264,5366.003,5364.747,5363.503
4986.000,5372.170,5376.859,5372.900,5370.886,5369.200,5367.575,5366.086
4991.000,5376.810,5374.442,5375.630,5372.857,5370.920,5369.112,5367.485
4996.000,5381.450,5381.545,5377.516,5374.723,5372.436,5370.458,5368.693
5001.000,5386.090,5386.220,5379.766,5376.453,5373.730,5371.572,5369.679
